,Biomass,Fossil Brown coal/Lignite,Fossil Gas,Fossil Hard coal,Fossil Oil,Geothermal,Hydro Pumped Storage,Hydro Pumped Storage,Hydro Run-of-river and poundage,Hydro Water Reservoir,Nuclear,Other,Other renewable,Solar,Solar,Waste,Wind Offshore,Wind Onshore,Wind Onshore
,Actual Aggregated,Actual Aggregated,Actual Aggregated,Actual Aggregated,Actual Aggregated,Actual Aggregated,Actual Aggregated,Actual Consumption,Actual Aggregated,Actual Aggregated,Actual Aggregated,Actual Aggregated,Actual Aggregated,Actual Aggregated,Actual Consumption,Actual Aggregated,Actual Aggregated,Actual Aggregated,Actual Consumption
2022-01-01 00:00:00+01:00,4375.0,3596.0,3447.0,2048.0,279.0,25.0,589.0,2400.0,1436.0,53.0,3208.0,333.0,126.0,2.0,0.0,863.0,6132.0,25772.0,0.0
2022-01-01 00:15:00+01:00,4361.0,3582.0,3483.0,2041.0,279.0,26.0,415.0,2513.0,1436.0,38.0,3325.0,333.0,126.0,1.0,0.0,865.0,6038.0,25686.0,0.0
2022-01-01 00:30:00+01:00,4359.0,3526.0,3537.0,2038.0,279.0,26.0,373.0,2731.0,1435.0,27.0,3344.0,333.0,126.0,1.0,0.0,854.0,5961.0,25280.0,0.0
2022-01-01 00:45:00+01:00,4377.0,3544.0,3527.0,2030.0,279.0,26.0,289.0,2784.0,1436.0,31.0,3342.0,333.0,126.0,1.0,0.0,839.0,5771.0,25344.0,0.0
2022-01-01 01:00:00+01:00,4369.0,3565.0,3414.0,2053.0,279.0,26.0,453.0,2347.0,1431.0,115.0,3351.0,333.0,126.0,1.0,0.0,858.0,5688.0,24884.0,0.0
2022-01-01 01:15:00+01:00,4360.0,3521.0,3415.0,2057.0,279.0,26.0,438.0,2598.0,1428.0,118.0,3350.0,333.0,126.0,1.0,0.0,852.0,5795.0,24636.0,0.0
2022-01-01 01:30:00+01:00,4355.0,3534.0,3403.0,2044.0,279.0,26.0,394.0,2800.0,1430.0,116.0,3347.0,333.0,126.0,1.0,0.0,847.0,5775.0,24206.0,0.0
2022-01-01 01:45:00+01:00,4359.0,3567.0,3425.0,2045.0,279.0,26.0,374.0,2909.0,1430.0,32.0,3344.0,333.0,126.0,1.0,0.0,855.0,5843.0,23513.0,0.0
2022-01-01 02:00:00+01:00,4364.0,3523.0,3437.0,2038.0,279.0,26.0,536.0,2849.0,1430.0,99.0,3347.0,333.0,126.0,1.0,0.0,847.0,5699.0,23546.0,0.0
2022-01-01 02:15:00+01:00,4358.0,3506.0,3394.0,2038.0,279.0,26.0,380.0,2898.0,1427.0,30.0,3345.0,333.0,126.0,1.0,0.0,848.0,5748.0,23154.0,0.0
2022-01-01 02:30:00+01:00,4367.0,3480.0,3404.0,2029.0,279.0,26.0,337.0,3014.0,1429.0,31.0,3348.0,333.0,126.0,1.0,0.0,845.0,5410.0,22965.0,0.0
2022-01-01 02:45:00+01:00,4371.0,3471.0,3400.0,2028.0,279.0,27.0,266.0,2933.0,1427.0,27.0,3337.0,333.0,126.0,1.0,0.0,841.0,5335.0,22867.0,0.0
2022-01-01 03:00:00+01:00,4369.0,3507.0,3427.0,2024.0,279.0,27.0,336.0,3165.0,1428.0,31.0,3348.0,333.0,126.0,1.0,0.0,834.0,5305.0,22561.0,0.0
2022-01-01 03:15:00+01:00,4377.0,3497.0,3408.0,2025.0,279.0,27.0,319.0,3384.0,1428.0,30.0,3342.0,333.0,126.0,1.0,0.0,842.0,5266.0,22283.0,0.0
2022-01-01 03:30:00+01:00,4372.0,3505.0,3407.0,2021.0,279.0,27.0,335.0,3283.0,1429.0,31.0,3343.0,333.0,126.0,1.0,0.0,846.0,5353.0,21747.0,0.0
2022-01-01 03:45:00+01:00,4367.0,3510.0,3414.0,2025.0,279.0,27.0,295.0,3479.0,1428.0,34.0,3337.0,333.0,126.0,1.0,0.0,845.0,5607.0,21487.0,0.0
2022-01-01 04:00:00+01:00,4371.0,3523.0,3429.0,2017.0,279.0,27.0,284.0,3771.0,1428.0,60.0,3342.0,333.0,126.0,1.0,0.0,837.0,5592.0,20840.0,0.0
2022-01-01 04:15:00+01:00,4371.0,3510.0,3419.0,2014.0,279.0,27.0,260.0,3710.0,1426.0,30.0,3343.0,333.0,126.0,1.0,0.0,836.0,5694.0,20836.0,0.0
2022-01-01 04:30:00+01:00,4378.0,3531.0,3432.0,2008.0,279.0,27.0,218.0,3486.0,1427.0,171.0,3344.0,333.0,126.0,1.0,0.0,833.0,5696.0,20202.0,0.0
2022-01-01 04:45:00+01:00,4373.0,3586.0,3435.0,2014.0,279.0,27.0,215.0,3280.0,1425.0,53.0,3341.0,333.0,126.0,1.0,0.0,836.0,5364.0,20158.0,0.0
2022-01-01 05:00:00+01:00,4375.0,3630.0,3408.0,2007.0,279.0,27.0,214.0,2965.0,1426.0,34.0,3345.0,333.0,126.0,1.0,0.0,834.0,5019.0,19769.0,0.0
2022-01-01 05:15:00+01:00,4380.0,3711.0,3428.0,2011.0,279.0,27.0,218.0,2875.0,1419.0,51.0,3345.0,333.0,126.0,2.0,0.0,838.0,4645.0,19550.0,0.0
2022-01-01 05:30:00+01:00,4381.0,3866.0,3417.0,2019.0,279.0,27.0,211.0,2929.0,1418.0,90.0,3351.0,333.0,126.0,2.0,0.0,846.0,4322.0,19369.0,0.0
2022-01-01 05:45:00+01:00,4383.0,3861.0,3432.0,2019.0,279.0,27.0,208.0,2826.0,1416.0,88.0,3348.0,333.0,126.0,1.0,0.0,849.0,4139.0,19341.0,0.0
2022-01-01 06:00:00+01:00,4401.0,3859.0,3411.0,2013.0,279.0,27.0,107.0,2736.0,1412.0,28.0,3343.0,333.0,126.0,1.0,0.0,844.0,4106.0,19582.0,0.0
2022-01-01 06:15:00+01:00,4418.0,3866.0,3448.0,2029.0,280.0,27.0,145.0,2304.0,1415.0,31.0,3342.0,333.0,126.0,1.0,0.0,838.0,4331.0,19300.0,0.0
2022-01-01 06:30:00+01:00,4424.0,3879.0,3460.0,2041.0,281.0,27.0,207.0,2182.0,1416.0,34.0,3346.0,333.0,126.0,1.0,0.0,845.0,4635.0,19130.0,0.0
2022-01-01 06:45:00+01:00,4426.0,3901.0,3472.0,2042.0,281.0,27.0,209.0,2127.0,1419.0,31.0,3342.0,333.0,126.0,1.0,0.0,846.0,4987.0,18762.0,0.0
2022-01-01 07:00:00+01:00,4449.0,3868.0,3474.0,2310.0,281.0,27.0,275.0,2416.0,1418.0,25.0,3340.0,333.0,126.0,1.0,0.0,852.0,5035.0,18414.0,0.0
2022-01-01 07:15:00+01:00,4460.0,3862.0,3469.0,2351.0,281.0,27.0,275.0,1912.0,1418.0,29.0,3334.0,333.0,126.0,1.0,0.0,853.0,4950.0,18025.0,0.0
2022-01-01 07:30:00+01:00,4475.0,3874.0,3480.0,2416.0,281.0,27.0,275.0,1671.0,1418.0,31.0,3311.0,326.0,126.0,2.0,0.0,856.0,4826.0,17742.0,0.0
2022-01-01 07:45:00+01:00,4504.0,3874.0,3464.0,2369.0,281.0,27.0,276.0,1656.0,1423.0,30.0,3332.0,326.0,126.0,2.0,0.0,858.0,4589.0,17697.0,0.0
2022-01-01 08:00:00+01:00,4544.0,3962.0,3600.0,2469.0,281.0,27.0,276.0,2061.0,1422.0,55.0,3345.0,326.0,126.0,5.0,0.0,859.0,4512.0,17077.0,0.0
2022-01-01 08:15:00+01:00,4564.0,3953.0,3602.0,2447.0,281.0,27.0,165.0,1707.0,1428.0,42.0,3343.0,326.0,126.0,55.0,0.0,859.0,4105.0,16771.0,0.0
2022-01-01 08:30:00+01:00,4575.0,3978.0,3610.0,2414.0,281.0,27.0,146.0,1581.0,1438.0,32.0,3347.0,326.0,126.0,273.0,0.0,854.0,3921.0,16485.0,0.0
2022-01-01 08:45:00+01:00,4575.0,4034.0,3610.0,2465.0,281.0,27.0,146.0,1498.0,1441.0,29.0,3339.0,326.0,126.0,611.0,0.0,852.0,4150.0,16237.0,0.0
2022-01-01 09:00:00+01:00,4579.0,4185.0,3529.0,2451.0,281.0,27.0,144.0,1909.0,1438.0,36.0,3331.0,326.0,126.0,1068.0,0.0,855.0,4261.0,16106.0,0.0
2022-01-01 09:15:00+01:00,4608.0,4202.0,3512.0,2437.0,281.0,27.0,139.0,1550.0,1441.0,26.0,3328.0,326.0,126.0,1609.0,0.0,849.0,4313.0,15857.0,0.0
2022-01-01 09:30:00+01:00,4606.0,4232.0,3538.0,2467.0,281.0,27.0,140.0,1265.0,1441.0,25.0,3330.0,326.0,126.0,2118.0,0.0,851.0,4253.0,15397.0,0.0
2022-01-01 09:45:00+01:00,4584.0,4219.0,3527.0,2491.0,281.0,24.0,141.0,1221.0,1448.0,25.0,3334.0,320.0,126.0,2661.0,0.0,849.0,4029.0,15221.0,0.0
2022-01-01 10:00:00+01:00,4577.0,4346.0,3639.0,2429.0,281.0,22.0,188.0,1402.0,1442.0,29.0,3337.0,320.0,126.0,3266.0,0.0,851.0,4036.0,14777.0,0.0
2022-01-01 10:15:00+01:00,4592.0,4436.0,3645.0,2444.0,281.0,22.0,204.0,1477.0,1446.0,28.0,3336.0,320.0,126.0,3919.0,0.0,854.0,4061.0,14151.0,0.0
2022-01-01 10:30:00+01:00,4600.0,4348.0,3652.0,2449.0,281.0,22.0,228.0,1176.0,1447.0,31.0,3340.0,320.0,126.0,4571.0,0.0,859.0,4129.0,13684.0,0.0
2022-01-01 10:45:00+01:00,4605.0,4367.0,3661.0,2454.0,281.0,22.0,204.0,1069.0,1450.0,28.0,3344.0,320.0,126.0,5179.0,0.0,849.0,3978.0,13267.0,0.0
2022-01-01 11:00:00+01:00,4583.0,4396.0,3651.0,2488.0,281.0,22.0,129.0,1455.0,1449.0,38.0,3344.0,320.0,126.0,5700.0,0.0,850.0,3923.0,12628.0,0.0
2022-01-01 11:15:00+01:00,4564.0,4414.0,3657.0,2500.0,281.0,22.0,166.0,1611.0,1447.0,26.0,3342.0,320.0,126.0,6242.0,0.0,849.0,4077.0,12339.0,0.0
2022-01-01 11:30:00+01:00,4542.0,4421.0,3662.0,2541.0,281.0,19.0,179.0,1720.0,1446.0,30.0,3340.0,320.0,126.0,6704.0,0.0,846.0,4411.0,11741.0,0.0
2022-01-01 11:45:00+01:00,4564.0,4464.0,3680.0,2579.0,281.0,17.0,183.0,1223.0,1445.0,75.0,3347.0,320.0,126.0,7092.0,0.0,852.0,4649.0,10919.0,0.0
2022-01-01 12:00:00+01:00,4546.0,4513.0,3650.0,2641.0,281.0,17.0,968.0,813.0,1439.0,30.0,3354.0,320.0,126.0,7376.0,0.0,851.0,4592.0,10931.0,0.0
2022-01-01 12:15:00+01:00,4533.0,4474.0,3670.0,2730.0,281.0,17.0,793.0,633.0,1435.0,24.0,3351.0,320.0,126.0,7603.0,0.0,851.0,4842.0,10692.0,0.0
2022-01-01 12:30:00+01:00,4513.0,4558.0,3664.0,2757.0,281.0,17.0,828.0,660.0,1435.0,25.0,3343.0,320.0,126.0,7677.0,0.0,847.0,5186.0,10057.0,0.0
2022-01-01 12:45:00+01:00,4511.0,4469.0,3643.0,2762.0,281.0,17.0,897.0,650.0,1433.0,22.0,3344.0,320.0,126.0,7466.0,0.0,853.0,5360.0,9718.0,0.0
2022-01-01 13:00:00+01:00,4505.0,4259.0,3555.0,2751.0,281.0,17.0,1284.0,647.0,1435.0,23.0,3347.0,320.0,126.0,7194.0,0.0,857.0,5379.0,9389.0,0.0
2022-01-01 13:15:00+01:00,4499.0,4232.0,3549.0,2749.0,281.0,17.0,1268.0,1062.0,1435.0,19.0,3348.0,320.0,126.0,6919.0,0.0,853.0,5445.0,9093.0,0.0
2022-01-01 13:30:00+01:00,4499.0,4232.0,3548.0,2745.0,281.0,17.0,1333.0,1080.0,1433.0,34.0,3345.0,320.0,126.0,6502.0,0.0,847.0,5562.0,8769.0,0.0
2022-01-01 13:45:00+01:00,4499.0,4236.0,3534.0,2750.0,281.0,17.0,1462.0,936.0,1434.0,70.0,3336.0,320.0,126.0,5965.0,0.0,847.0,5724.0,8495.0,0.0
2022-01-01 14:00:00+01:00,4502.0,4395.0,3653.0,2841.0,281.0,17.0,2345.0,791.0,1431.0,40.0,3277.0,320.0,126.0,5370.0,0.0,845.0,5810.0,8479.0,0.0
2022-01-01 14:15:00+01:00,4508.0,4644.0,3647.0,2877.0,281.0,17.0,2323.0,569.0,1428.0,120.0,3269.0,320.0,126.0,4790.0,0.0,846.0,5859.0,8270.0,0.0
2022-01-01 14:30:00+01:00,4523.0,5015.0,3624.0,2988.0,281.0,17.0,2312.0,597.0,1427.0,84.0,3343.0,320.0,126.0,4161.0,0.0,848.0,5910.0,8253.0,0.0
2022-01-01 14:45:00+01:00,4527.0,5575.0,3631.0,3014.0,281.0,17.0,2326.0,510.0,1428.0,67.0,3341.0,320.0,126.0,3485.0,0.0,849.0,5978.0,8289.0,0.0
2022-01-01 15:00:00+01:00,4540.0,6094.0,3629.0,3145.0,281.0,17.0,2003.0,561.0,1426.0,84.0,3336.0,320.0,126.0,2724.0,0.0,848.0,6020.0,8466.0,0.0
2022-01-01 15:15:00+01:00,4553.0,6302.0,3656.0,3232.0,281.0,18.0,1968.0,411.0,1427.0,47.0,3346.0,320.0,126.0,1990.0,0.0,840.0,6029.0,8519.0,0.0
2022-01-01 15:30:00+01:00,4555.0,6411.0,3657.0,3374.0,281.0,18.0,2043.0,112.0,1425.0,170.0,3348.0,320.0,126.0,1320.0,0.0,850.0,6038.0,8761.0,0.0
2022-01-01 15:45:00+01:00,4582.0,6663.0,3673.0,3562.0,281.0,18.0,2153.0,99.0,1425.0,29.0,3347.0,320.0,126.0,794.0,0.0,856.0,6066.0,9220.0,0.0
2022-01-01 16:00:00+01:00,4621.0,6932.0,3604.0,3693.0,281.0,18.0,2356.0,96.0,1424.0,15.0,3342.0,320.0,126.0,396.0,0.0,859.0,6075.0,9798.0,0.0
2022-01-01 16:15:00+01:00,4641.0,6977.0,3501.0,3793.0,281.0,18.0,2923.0,95.0,1423.0,29.0,3345.0,320.0,126.0,133.0,0.0,852.0,6104.0,10313.0,0.0
2022-01-01 16:30:00+01:00,4641.0,7064.0,3623.0,3843.0,281.0,18.0,3154.0,31.0,1422.0,28.0,3348.0,320.0,126.0,19.0,0.0,860.0,6115.0,10813.0,0.0
2022-01-01 16:45:00+01:00,4651.0,7193.0,3622.0,3913.0,281.0,18.0,3300.0,12.0,1421.0,31.0,3349.0,320.0,126.0,3.0,0.0,860.0,6132.0,11355.0,0.0
2022-01-01 17:00:00+01:00,4659.0,7286.0,3556.0,3996.0,281.0,18.0,3513.0,11.0,1416.0,47.0,3345.0,320.0,126.0,2.0,0.0,858.0,6152.0,11951.0,0.0
2022-01-01 17:15:00+01:00,4662.0,7427.0,3533.0,4001.0,281.0,18.0,3657.0,17.0,1415.0,46.0,3350.0,320.0,126.0,2.0,0.0,851.0,6091.0,12521.0,0.0
2022-01-01 17:30:00+01:00,4665.0,7413.0,3548.0,4011.0,281.0,21.0,3701.0,157.0,1415.0,42.0,3352.0,320.0,126.0,2.0,0.0,856.0,6034.0,13139.0,0.0
2022-01-01 17:45:00+01:00,4661.0,7385.0,3556.0,4089.0,281.0,21.0,3648.0,160.0,1412.0,42.0,3351.0,320.0,126.0,2.0,0.0,865.0,6043.0,13616.0,0.0
2022-01-01 18:00:00+01:00,4672.0,7576.0,3540.0,4138.0,281.0,21.0,4382.0,159.0,1412.0,42.0,3351.0,320.0,126.0,2.0,0.0,864.0,6052.0,14176.0,0.0
2022-01-01 18:15:00+01:00,4685.0,7613.0,3530.0,4153.0,281.0,21.0,4343.0,139.0,1412.0,43.0,3352.0,320.0,126.0,2.0,0.0,862.0,6038.0,14638.0,0.0
2022-01-01 18:30:00+01:00,4687.0,7621.0,3559.0,4210.0,281.0,22.0,4224.0,159.0,1411.0,42.0,3352.0,320.0,126.0,2.0,0.0,865.0,6044.0,15060.0,0.0
2022-01-01 18:45:00+01:00,4685.0,7494.0,3569.0,4208.0,281.0,22.0,3410.0,158.0,1410.0,36.0,3351.0,320.0,126.0,2.0,0.0,867.0,6060.0,15773.0,0.0
2022-01-01 19:00:00+01:00,4675.0,7362.0,3602.0,4083.0,281.0,22.0,3668.0,150.0,1404.0,35.0,3351.0,320.0,126.0,2.0,0.0,867.0,6071.0,16432.0,0.0
2022-01-01 19:15:00+01:00,4645.0,7321.0,3615.0,4011.0,281.0,22.0,3358.0,244.0,1408.0,37.0,3350.0,320.0,126.0,2.0,0.0,863.0,6085.0,16717.0,0.0
2022-01-01 19:30:00+01:00,4646.0,7230.0,3611.0,3937.0,281.0,22.0,3508.0,246.0,1411.0,39.0,3351.0,325.0,126.0,2.0,0.0,860.0,6089.0,17097.0,0.0
2022-01-01 19:45:00+01:00,4634.0,6889.0,3587.0,3862.0,281.0,22.0,2937.0,214.0,1410.0,36.0,3351.0,325.0,126.0,2.0,0.0,863.0,6099.0,17455.0,0.0
2022-01-01 20:00:00+01:00,4590.0,6523.0,3711.0,3686.0,281.0,23.0,2826.0,243.0,1410.0,58.0,3357.0,326.0,126.0,2.0,0.0,856.0,6139.0,17902.0,0.0
2022-01-01 20:15:00+01:00,4565.0,6391.0,3734.0,3600.0,281.0,24.0,2092.0,253.0,1412.0,49.0,3356.0,326.0,126.0,2.0,0.0,865.0,6190.0,17940.0,0.0
2022-01-01 20:30:00+01:00,4546.0,6253.0,3711.0,3546.0,281.0,25.0,2006.0,168.0,1414.0,40.0,3349.0,326.0,126.0,2.0,0.0,860.0,6272.0,17979.0,0.0
2022-01-01 20:45:00+01:00,4535.0,5981.0,3678.0,3470.0,281.0,25.0,1635.0,159.0,1414.0,35.0,3348.0,326.0,126.0,1.0,0.0,861.0,6329.0,18076.0,0.0
2022-01-01 21:00:00+01:00,4484.0,5721.0,3620.0,3411.0,281.0,26.0,1658.0,73.0,1411.0,65.0,3353.0,326.0,126.0,1.0,0.0,861.0,6399.0,18039.0,0.0
2022-01-01 21:15:00+01:00,4485.0,5632.0,3612.0,3239.0,281.0,26.0,1145.0,202.0,1417.0,29.0,3359.0,326.0,126.0,1.0,0.0,861.0,6461.0,18300.0,0.0
2022-01-01 21:30:00+01:00,4483.0,5612.0,3633.0,3043.0,281.0,26.0,1163.0,277.0,1417.0,28.0,3350.0,326.0,126.0,1.0,0.0,861.0,6498.0,18463.0,0.0
2022-01-01 21:45:00+01:00,4475.0,5664.0,3615.0,2834.0,281.0,26.0,925.0,331.0,1418.0,25.0,3350.0,326.0,126.0,1.0,0.0,864.0,6535.0,18712.0,0.0
2022-01-01 22:00:00+01:00,4451.0,5795.0,3573.0,2773.0,281.0,26.0,2062.0,514.0,1415.0,83.0,3354.0,326.0,126.0,1.0,0.0,872.0,6663.0,18198.0,0.0
2022-01-01 22:15:00+01:00,4437.0,5782.0,3571.0,2669.0,281.0,27.0,1304.0,539.0,1414.0,91.0,3359.0,326.0,126.0,2.0,0.0,871.0,6725.0,18556.0,0.0
2022-01-01 22:30:00+01:00,4441.0,5783.0,3571.0,2527.0,281.0,27.0,1295.0,530.0,1413.0,173.0,3362.0,326.0,126.0,2.0,0.0,869.0,6775.0,18698.0,0.0
2022-01-01 22:45:00+01:00,4435.0,5404.0,3564.0,2526.0,281.0,27.0,911.0,477.0,1410.0,46.0,3355.0,326.0,126.0,2.0,0.0,873.0,6810.0,18722.0,0.0
2022-01-01 23:00:00+01:00,4417.0,4811.0,3511.0,2505.0,281.0,27.0,1270.0,74.0,1410.0,64.0,3360.0,326.0,126.0,2.0,0.0,873.0,6838.0,18703.0,0.0
2022-01-01 23:15:00+01:00,4410.0,4610.0,3504.0,2425.0,281.0,27.0,499.0,326.0,1407.0,27.0,3359.0,326.0,126.0,2.0,0.0,869.0,6946.0,18863.0,0.0
2022-01-01 23:30:00+01:00,4411.0,4575.0,3497.0,2419.0,281.0,27.0,429.0,585.0,1408.0,27.0,3355.0,326.0,126.0,2.0,0.0,868.0,6979.0,18845.0,0.0
2022-01-01 23:45:00+01:00,4398.0,4182.0,3485.0,2401.0,281.0,27.0,301.0,1381.0,1407.0,27.0,3345.0,326.0,126.0,2.0,0.0,865.0,6968.0,18908.0,0.0
2022-01-02 00:00:00+01:00,4376.0,3676.0,3399.0,2375.0,281.0,28.0,164.0,2546.0,1398.0,43.0,3353.0,326.0,126.0,2.0,0.0,867.0,6934.0,19247.0,0.0
2022-01-02 00:15:00+01:00,4332.0,3621.0,3504.0,2260.0,281.0,28.0,165.0,3837.0,1398.0,26.0,3350.0,326.0,126.0,2.0,0.0,864.0,6945.0,19207.0,0.0
2022-01-02 00:30:00+01:00,4354.0,3623.0,3529.0,2217.0,281.0,28.0,248.0,4062.0,1392.0,31.0,3318.0,326.0,126.0,1.0,0.0,863.0,6960.0,18844.0,0.0
2022-01-02 00:45:00+01:00,4365.0,3672.0,3518.0,2220.0,281.0,28.0,262.0,3813.0,1392.0,32.0,3252.0,326.0,126.0,1.0,0.0,865.0,6935.0,18351.0,0.0
2022-01-02 01:00:00+01:00,4334.0,3706.0,3441.0,2216.0,281.0,28.0,498.0,3928.0,1388.0,109.0,3196.0,326.0,126.0,1.0,0.0,857.0,6894.0,18640.0,0.0
2022-01-02 01:15:00+01:00,4365.0,3672.0,3453.0,2217.0,281.0,28.0,326.0,4402.0,1392.0,31.0,3189.0,326.0,126.0,1.0,0.0,856.0,6823.0,19147.0,0.0
2022-01-02 01:30:00+01:00,4370.0,3670.0,3442.0,2212.0,281.0,28.0,261.0,4667.0,1393.0,30.0,3167.0,326.0,126.0,1.0,0.0,857.0,6790.0,19579.0,0.0
2022-01-02 01:45:00+01:00,4362.0,3617.0,3466.0,2201.0,281.0,27.0,421.0,4134.0,1393.0,94.0,3181.0,326.0,126.0,1.0,0.0,855.0,6833.0,17828.0,0.0
2022-01-02 02:00:00+01:00,4358.0,3560.0,3462.0,2185.0,281.0,27.0,515.0,3870.0,1393.0,83.0,3269.0,326.0,126.0,1.0,0.0,857.0,6867.0,17707.0,0.0
2022-01-02 02:15:00+01:00,4368.0,3517.0,3449.0,2192.0,281.0,27.0,370.0,4245.0,1391.0,118.0,3262.0,326.0,126.0,1.0,0.0,856.0,6817.0,18264.0,0.0
2022-01-02 02:30:00+01:00,4370.0,3507.0,3431.0,2198.0,281.0,27.0,371.0,4207.0,1392.0,128.0,3271.0,326.0,126.0,1.0,0.0,852.0,6736.0,18012.0,0.0
2022-01-02 02:45:00+01:00,4370.0,3498.0,3445.0,2194.0,281.0,28.0,293.0,4250.0,1393.0,129.0,3274.0,326.0,126.0,1.0,0.0,856.0,6715.0,18009.0,0.0
2022-01-02 03:00:00+01:00,4362.0,3460.0,3463.0,2187.0,281.0,28.0,414.0,3841.0,1391.0,129.0,3298.0,326.0,126.0,1.0,0.0,858.0,6303.0,18378.0,0.0
2022-01-02 03:15:00+01:00,4362.0,3450.0,3460.0,2194.0,281.0,27.0,408.0,3799.0,1390.0,128.0,3294.0,326.0,126.0,1.0,0.0,848.0,6312.0,18922.0,0.0
2022-01-02 03:30:00+01:00,4365.0,3456.0,3445.0,2197.0,281.0,27.0,197.0,3934.0,1390.0,114.0,3341.0,326.0,126.0,1.0,0.0,855.0,6246.0,19158.0,0.0
2022-01-02 03:45:00+01:00,4374.0,3464.0,3444.0,2202.0,281.0,27.0,383.0,4099.0,1393.0,123.0,3360.0,326.0,126.0,1.0,0.0,849.0,6236.0,18970.0,0.0
2022-01-02 04:00:00+01:00,4368.0,3482.0,3408.0,2202.0,281.0,27.0,388.0,4105.0,1389.0,125.0,3349.0,326.0,126.0,1.0,0.0,839.0,6087.0,17955.0,0.0
2022-01-02 04:15:00+01:00,4373.0,3455.0,3401.0,2239.0,281.0,27.0,345.0,4116.0,1389.0,131.0,3339.0,326.0,126.0,1.0,0.0,843.0,6089.0,17876.0,0.0
2022-01-02 04:30:00+01:00,4380.0,3446.0,3421.0,2209.0,281.0,26.0,291.0,4181.0,1389.0,129.0,3335.0,326.0,126.0,1.0,0.0,845.0,6049.0,18193.0,0.0
2022-01-02 04:45:00+01:00,4380.0,3453.0,3423.0,2212.0,281.0,27.0,369.0,4037.0,1387.0,131.0,3338.0,326.0,126.0,1.0,0.0,851.0,5924.0,18010.0,0.0
2022-01-02 05:00:00+01:00,4379.0,3474.0,3437.0,2202.0,281.0,27.0,298.0,4114.0,1389.0,128.0,3333.0,326.0,126.0,1.0,0.0,856.0,6212.0,18528.0,0.0
2022-01-02 05:15:00+01:00,4388.0,3455.0,3450.0,2201.0,281.0,26.0,296.0,4091.0,1389.0,130.0,3329.0,326.0,126.0,1.0,0.0,855.0,6317.0,18558.0,0.0
2022-01-02 05:30:00+01:00,4385.0,3466.0,3451.0,2207.0,281.0,26.0,324.0,3784.0,1388.0,142.0,3338.0,326.0,126.0,1.0,0.0,848.0,6484.0,17901.0,0.0
2022-01-02 05:45:00+01:00,4378.0,3478.0,3449.0,2218.0,281.0,26.0,443.0,3667.0,1384.0,92.0,3345.0,326.0,126.0,1.0,0.0,850.0,6243.0,17262.0,0.0
2022-01-02 06:00:00+01:00,4424.0,3466.0,3501.0,2210.0,281.0,26.0,403.0,2734.0,1384.0,92.0,3312.0,326.0,126.0,1.0,0.0,846.0,6145.0,18605.0,0.0
2022-01-02 06:15:00+01:00,4435.0,3447.0,3513.0,2230.0,281.0,26.0,409.0,2225.0,1382.0,82.0,3329.0,326.0,126.0,1.0,0.0,839.0,5912.0,18580.0,0.0
2022-01-02 06:30:00+01:00,4437.0,3440.0,3499.0,2227.0,281.0,26.0,192.0,1859.0,1384.0,27.0,3338.0,326.0,126.0,1.0,0.0,843.0,6092.0,19217.0,0.0
2022-01-02 06:45:00+01:00,4428.0,3452.0,3521.0,2236.0,281.0,26.0,166.0,1832.0,1385.0,22.0,3344.0,326.0,126.0,1.0,0.0,845.0,5853.0,19109.0,0.0
2022-01-02 07:00:00+01:00,4439.0,3453.0,3571.0,2231.0,281.0,26.0,802.0,1749.0,1384.0,23.0,3341.0,326.0,126.0,1.0,0.0,852.0,5491.0,19516.0,0.0
2022-01-02 07:15:00+01:00,4451.0,3441.0,3543.0,2229.0,281.0,26.0,888.0,1668.0,1381.0,23.0,3369.0,325.0,126.0,1.0,0.0,846.0,5391.0,20344.0,0.0
2022-01-02 07:30:00+01:00,4465.0,3462.0,3534.0,2231.0,281.0,26.0,845.0,1363.0,1379.0,19.0,3371.0,326.0,126.0,1.0,0.0,846.0,5239.0,21012.0,0.0
2022-01-02 07:45:00+01:00,4491.0,3521.0,3567.0,2246.0,281.0,26.0,831.0,1212.0,1382.0,30.0,3367.0,326.0,126.0,3.0,0.0,853.0,5387.0,21436.0,0.0
2022-01-02 08:00:00+01:00,4538.0,3592.0,3644.0,2066.0,281.0,26.0,1488.0,1727.0,1381.0,25.0,3359.0,326.0,126.0,22.0,0.0,848.0,5684.0,22177.0,0.0
2022-01-02 08:15:00+01:00,4553.0,3625.0,3630.0,2069.0,281.0,26.0,1503.0,1298.0,1383.0,50.0,3341.0,326.0,126.0,147.0,0.0,847.0,5711.0,22623.0,0.0
2022-01-02 08:30:00+01:00,4560.0,3616.0,3624.0,2074.0,281.0,26.0,1617.0,764.0,1383.0,34.0,3342.0,326.0,126.0,449.0,0.0,847.0,5616.0,22444.0,0.0
2022-01-02 08:45:00+01:00,4562.0,3631.0,3639.0,2078.0,281.0,26.0,1617.0,840.0,1380.0,33.0,3338.0,326.0,126.0,771.0,0.0,847.0,5472.0,22749.0,0.0
2022-01-02 09:00:00+01:00,4564.0,3617.0,3575.0,2099.0,281.0,25.0,1459.0,1207.0,1379.0,32.0,3340.0,326.0,126.0,1201.0,0.0,842.0,5253.0,23078.0,0.0
2022-01-02 09:15:00+01:00,4576.0,3607.0,3572.0,2122.0,281.0,25.0,1512.0,979.0,1378.0,39.0,3350.0,326.0,126.0,1687.0,0.0,846.0,5229.0,23694.0,0.0
2022-01-02 09:30:00+01:00,4594.0,3625.0,3562.0,2117.0,281.0,25.0,1510.0,1020.0,1381.0,37.0,3367.0,326.0,126.0,2234.0,0.0,842.0,5035.0,23655.0,0.0
2022-01-02 09:45:00+01:00,4588.0,3593.0,3554.0,2128.0,281.0,25.0,1385.0,1065.0,1387.0,36.0,3378.0,326.0,126.0,2884.0,0.0,843.0,4877.0,23835.0,0.0
2022-01-02 10:00:00+01:00,4575.0,3578.0,3559.0,2180.0,281.0,25.0,1460.0,901.0,1385.0,35.0,3363.0,326.0,126.0,3434.0,0.0,845.0,5290.0,24649.0,0.0
2022-01-02 10:15:00+01:00,4587.0,3569.0,3552.0,2182.0,281.0,25.0,1258.0,868.0,1387.0,32.0,3327.0,326.0,126.0,3940.0,0.0,843.0,5459.0,24895.0,0.0
2022-01-02 10:30:00+01:00,4597.0,3594.0,3551.0,2195.0,281.0,25.0,1300.0,840.0,1392.0,77.0,3327.0,326.0,126.0,4211.0,0.0,845.0,5397.0,24887.0,0.0
2022-01-02 10:45:00+01:00,4594.0,3574.0,3528.0,2199.0,281.0,24.0,1363.0,1289.0,1394.0,30.0,3371.0,326.0,126.0,4625.0,0.0,841.0,5576.0,25406.0,0.0
2022-01-02 11:00:00+01:00,4580.0,3520.0,3488.0,2189.0,281.0,24.0,708.0,555.0,1393.0,46.0,3376.0,326.0,126.0,4864.0,0.0,845.0,5801.0,26129.0,0.0
2022-01-02 11:15:00+01:00,4561.0,3459.0,3467.0,2200.0,281.0,24.0,676.0,652.0,1394.0,35.0,3370.0,326.0,126.0,5145.0,0.0,846.0,6044.0,26321.0,0.0
2022-01-02 11:30:00+01:00,4560.0,3470.0,3507.0,2204.0,281.0,23.0,780.0,898.0,1394.0,25.0,3369.0,326.0,126.0,5438.0,0.0,845.0,6219.0,26670.0,0.0
2022-01-02 11:45:00+01:00,4548.0,3469.0,3519.0,2215.0,281.0,23.0,793.0,1321.0,1393.0,29.0,3369.0,326.0,126.0,5581.0,0.0,848.0,6401.0,27134.0,0.0
2022-01-02 12:00:00+01:00,4506.0,3483.0,3513.0,2223.0,281.0,23.0,756.0,736.0,1392.0,96.0,3367.0,326.0,126.0,5599.0,0.0,845.0,6490.0,28082.0,0.0
2022-01-02 12:15:00+01:00,4482.0,3486.0,3523.0,2222.0,281.0,23.0,341.0,641.0,1386.0,39.0,3363.0,326.0,126.0,5383.0,0.0,850.0,6620.0,28413.0,0.0
2022-01-02 12:30:00+01:00,4474.0,3565.0,3550.0,2223.0,281.0,23.0,602.0,983.0,1384.0,91.0,3367.0,326.0,126.0,4971.0,0.0,851.0,6308.0,28920.0,0.0
2022-01-02 12:45:00+01:00,4480.0,3565.0,3537.0,2221.0,281.0,22.0,501.0,1247.0,1383.0,25.0,3362.0,326.0,126.0,4660.0,0.0,849.0,5898.0,30065.0,0.0
2022-01-02 13:00:00+01:00,4476.0,3510.0,3541.0,2225.0,281.0,22.0,653.0,987.0,1382.0,41.0,3363.0,326.0,126.0,4305.0,0.0,844.0,5821.0,29819.0,0.0
2022-01-02 13:15:00+01:00,4469.0,3485.0,3545.0,2219.0,281.0,22.0,466.0,1527.0,1382.0,27.0,3355.0,326.0,126.0,4028.0,0.0,849.0,6017.0,30343.0,0.0
2022-01-02 13:30:00+01:00,4458.0,3492.0,3562.0,2216.0,281.0,22.0,286.0,1747.0,1380.0,37.0,3354.0,326.0,126.0,3688.0,0.0,849.0,6050.0,30857.0,0.0
2022-01-02 13:45:00+01:00,4446.0,3490.0,3554.0,2208.0,281.0,22.0,246.0,1846.0,1380.0,32.0,3350.0,326.0,126.0,3461.0,0.0,849.0,6037.0,30698.0,0.0
2022-01-02 14:00:00+01:00,4440.0,3490.0,3521.0,2193.0,281.0,23.0,339.0,1548.0,1380.0,33.0,3347.0,326.0,126.0,3234.0,0.0,850.0,5969.0,31233.0,0.0
2022-01-02 14:15:00+01:00,4439.0,3494.0,3521.0,2190.0,281.0,22.0,302.0,1573.0,1382.0,19.0,3353.0,326.0,126.0,2877.0,0.0,851.0,5613.0,32129.0,0.0
2022-01-02 14:30:00+01:00,4435.0,3509.0,3496.0,2188.0,281.0,22.0,253.0,1653.0,1383.0,78.0,3353.0,326.0,126.0,2486.0,0.0,850.0,5510.0,32330.0,0.0
2022-01-02 14:45:00+01:00,4439.0,3517.0,3470.0,2185.0,281.0,22.0,355.0,1783.0,1380.0,35.0,3357.0,325.0,126.0,2070.0,0.0,853.0,5630.0,32011.0,0.0
2022-01-02 15:00:00+01:00,4448.0,3484.0,3479.0,2276.0,281.0,22.0,381.0,1731.0,1381.0,83.0,3352.0,325.0,126.0,1659.0,0.0,858.0,5634.0,32776.0,0.0
2022-01-02 15:15:00+01:00,4457.0,3502.0,3510.0,2276.0,281.0,22.0,379.0,1832.0,1380.0,32.0,3349.0,325.0,126.0,1246.0,0.0,859.0,5718.0,33025.0,0.0
2022-01-02 15:30:00+01:00,4465.0,3469.0,3489.0,2280.0,281.0,22.0,380.0,1905.0,1378.0,24.0,3344.0,325.0,126.0,830.0,0.0,865.0,5865.0,34035.0,0.0
2022-01-02 15:45:00+01:00,4479.0,3486.0,3450.0,2302.0,281.0,22.0,384.0,1733.0,1374.0,32.0,3354.0,325.0,126.0,471.0,0.0,873.0,6093.0,33482.0,0.0
2022-01-02 16:00:00+01:00,4519.0,3464.0,3444.0,2299.0,281.0,22.0,509.0,1914.0,1372.0,82.0,3342.0,325.0,126.0,186.0,0.0,871.0,6317.0,33491.0,0.0
2022-01-02 16:15:00+01:00,4531.0,3478.0,3467.0,2312.0,281.0,22.0,533.0,1771.0,1370.0,154.0,3345.0,325.0,126.0,42.0,0.0,864.0,6284.0,33673.0,0.0
2022-01-02 16:30:00+01:00,4534.0,3481.0,3456.0,2377.0,281.0,22.0,532.0,1461.0,1368.0,138.0,3346.0,325.0,126.0,6.0,0.0,864.0,6246.0,34766.0,0.0
2022-01-02 16:45:00+01:00,4558.0,3552.0,3478.0,2402.0,281.0,22.0,395.0,1195.0,1369.0,35.0,3347.0,325.0,126.0,4.0,0.0,863.0,6365.0,35512.0,0.0
2022-01-02 17:00:00+01:00,4580.0,3632.0,3428.0,2420.0,281.0,22.0,445.0,1234.0,1366.0,35.0,3347.0,325.0,126.0,3.0,0.0,860.0,6363.0,35486.0,0.0
2022-01-02 17:15:00+01:00,4596.0,3668.0,3389.0,2430.0,281.0,22.0,454.0,906.0,1365.0,36.0,3346.0,326.0,126.0,3.0,0.0,863.0,6299.0,35546.0,0.0
2022-01-02 17:30:00+01:00,4602.0,3691.0,3407.0,2442.0,281.0,23.0,438.0,559.0,1366.0,70.0,3348.0,325.0,126.0,2.0,0.0,863.0,6330.0,35883.0,0.0
2022-01-02 17:45:00+01:00,4616.0,3667.0,3431.0,2437.0,281.0,22.0,608.0,593.0,1365.0,45.0,3340.0,326.0,126.0,2.0,0.0,862.0,6453.0,35585.0,0.0
2022-01-02 18:00:00+01:00,4621.0,3666.0,3454.0,2401.0,281.0,22.0,635.0,459.0,1366.0,88.0,3342.0,325.0,126.0,2.0,0.0,860.0,6466.0,36087.0,0.0
2022-01-02 18:15:00+01:00,4638.0,3673.0,3464.0,2401.0,281.0,22.0,545.0,449.0,1369.0,87.0,3315.0,326.0,126.0,2.0,0.0,866.0,6567.0,36314.0,0.0
2022-01-02 18:30:00+01:00,4646.0,3684.0,3443.0,2401.0,281.0,22.0,613.0,514.0,1370.0,85.0,3326.0,326.0,126.0,1.0,0.0,864.0,6573.0,36077.0,0.0
2022-01-02 18:45:00+01:00,4647.0,3640.0,3457.0,2405.0,281.0,22.0,692.0,424.0,1370.0,111.0,3332.0,326.0,126.0,1.0,0.0,861.0,6551.0,35620.0,0.0
2022-01-02 19:00:00+01:00,4644.0,3586.0,3431.0,2385.0,281.0,22.0,1288.0,1137.0,1369.0,162.0,3329.0,326.0,126.0,1.0,0.0,863.0,6618.0,35525.0,0.0
2022-01-02 19:15:00+01:00,4644.0,3573.0,3436.0,2389.0,281.0,22.0,903.0,1136.0,1369.0,182.0,3329.0,326.0,126.0,1.0,0.0,860.0,6781.0,35085.0,0.0
2022-01-02 19:30:00+01:00,4636.0,3566.0,3433.0,2383.0,281.0,22.0,716.0,1010.0,1370.0,198.0,3323.0,326.0,126.0,2.0,0.0,860.0,6716.0,34240.0,0.0
2022-01-02 19:45:00+01:00,4626.0,3603.0,3437.0,2383.0,281.0,22.0,497.0,1023.0,1368.0,52.0,3317.0,326.0,126.0,1.0,0.0,863.0,6816.0,34042.0,0.0
2022-01-02 20:00:00+01:00,4621.0,3610.0,3466.0,2348.0,281.0,22.0,1574.0,1619.0,1368.0,176.0,3335.0,326.0,126.0,1.0,0.0,862.0,6848.0,34033.0,0.0
2022-01-02 20:15:00+01:00,4618.0,3626.0,3490.0,2334.0,281.0,22.0,1353.0,1660.0,1366.0,82.0,3323.0,326.0,126.0,1.0,0.0,861.0,7026.0,34180.0,0.0
2022-01-02 20:30:00+01:00,4617.0,3590.0,3466.0,2314.0,281.0,22.0,892.0,1517.0,1366.0,98.0,3320.0,326.0,126.0,1.0,0.0,862.0,7031.0,33610.0,0.0
2022-01-02 20:45:00+01:00,4604.0,3565.0,3425.0,2307.0,281.0,22.0,747.0,1523.0,1366.0,75.0,3314.0,326.0,126.0,1.0,0.0,860.0,6906.0,33148.0,0.0
2022-01-02 21:00:00+01:00,4540.0,3551.0,3371.0,2225.0,281.0,22.0,1207.0,1440.0,1365.0,88.0,3315.0,326.0,126.0,1.0,0.0,862.0,6876.0,32960.0,0.0
2022-01-02 21:15:00+01:00,4508.0,3493.0,3384.0,2218.0,281.0,22.0,984.0,1451.0,1366.0,64.0,3309.0,326.0,126.0,1.0,0.0,863.0,6771.0,32463.0,0.0
2022-01-02 21:30:00+01:00,4512.0,3495.0,3402.0,2216.0,281.0,23.0,913.0,1360.0,1366.0,37.0,3305.0,326.0,126.0,1.0,0.0,866.0,6604.0,32230.0,0.0
2022-01-02 21:45:00+01:00,4515.0,3510.0,3398.0,2220.0,281.0,23.0,896.0,1576.0,1365.0,37.0,3298.0,326.0,126.0,1.0,0.0,861.0,6471.0,31571.0,0.0
2022-01-02 22:00:00+01:00,4482.0,3514.0,3468.0,2212.0,281.0,23.0,1629.0,2250.0,1364.0,50.0,3349.0,326.0,126.0,1.0,0.0,868.0,6273.0,30791.0,0.0
2022-01-02 22:15:00+01:00,4472.0,3494.0,3389.0,2192.0,281.0,23.0,1399.0,2278.0,1364.0,55.0,3359.0,326.0,126.0,1.0,0.0,872.0,6112.0,30630.0,0.0
2022-01-02 22:30:00+01:00,4452.0,3530.0,3454.0,2166.0,281.0,23.0,1227.0,2217.0,1366.0,107.0,3358.0,326.0,126.0,1.0,0.0,876.0,5958.0,30355.0,0.0
2022-01-02 22:45:00+01:00,4441.0,3506.0,3476.0,2166.0,281.0,23.0,639.0,2365.0,1367.0,24.0,3357.0,326.0,126.0,1.0,0.0,872.0,5805.0,30314.0,0.0
2022-01-02 23:00:00+01:00,4411.0,3485.0,3330.0,2163.0,281.0,23.0,1419.0,1750.0,1369.0,32.0,3359.0,326.0,126.0,1.0,0.0,868.0,5701.0,30233.0,0.0
2022-01-02 23:15:00+01:00,4402.0,3509.0,3282.0,2147.0,281.0,23.0,749.0,1896.0,1367.0,22.0,3348.0,326.0,126.0,1.0,0.0,867.0,5834.0,30282.0,0.0
2022-01-02 23:30:00+01:00,4389.0,3529.0,3294.0,2139.0,281.0,23.0,457.0,1915.0,1367.0,28.0,3353.0,326.0,126.0,1.0,0.0,865.0,5982.0,29350.0,0.0
2022-01-02 23:45:00+01:00,4377.0,3575.0,3322.0,2123.0,281.0,23.0,273.0,2541.0,1369.0,21.0,3334.0,326.0,126.0,1.0,0.0,866.0,6359.0,29454.0,0.0
2022-01-03 00:00:00+01:00,4341.0,3637.0,3454.0,2103.0,281.0,23.0,325.0,2843.0,1369.0,34.0,3346.0,328.0,126.0,1.0,0.0,853.0,6188.0,29145.0,0.0
2022-01-03 00:15:00+01:00,4332.0,3652.0,3471.0,2098.0,281.0,23.0,190.0,3327.0,1362.0,44.0,3344.0,328.0,126.0,1.0,0.0,854.0,6224.0,29056.0,0.0
2022-01-03 00:30:00+01:00,4335.0,3648.0,3513.0,2085.0,281.0,23.0,234.0,3453.0,1362.0,102.0,3338.0,328.0,126.0,1.0,0.0,858.0,6274.0,28638.0,0.0
2022-01-03 00:45:00+01:00,4314.0,3769.0,3506.0,2089.0,281.0,23.0,259.0,3935.0,1361.0,45.0,3329.0,328.0,126.0,1.0,0.0,853.0,6330.0,27990.0,0.0
2022-01-03 01:00:00+01:00,4315.0,4011.0,3413.0,2066.0,281.0,24.0,409.0,4194.0,1363.0,148.0,3334.0,328.0,126.0,1.0,0.0,850.0,6233.0,27054.0,0.0
2022-01-03 01:15:00+01:00,4332.0,4019.0,3365.0,2065.0,281.0,24.0,395.0,4260.0,1362.0,91.0,3332.0,328.0,126.0,1.0,0.0,847.0,6042.0,26288.0,0.0
2022-01-03 01:30:00+01:00,4325.0,3971.0,3348.0,2056.0,281.0,24.0,381.0,4190.0,1362.0,93.0,3256.0,321.0,126.0,1.0,0.0,848.0,6014.0,25601.0,0.0
2022-01-03 01:45:00+01:00,4298.0,3910.0,3388.0,2049.0,281.0,24.0,279.0,4362.0,1362.0,60.0,3193.0,321.0,126.0,1.0,0.0,844.0,5902.0,27434.0,0.0
2022-01-03 02:00:00+01:00,4296.0,3879.0,3421.0,2027.0,281.0,24.0,413.0,4100.0,1363.0,187.0,3172.0,321.0,126.0,1.0,0.0,839.0,5689.0,27198.0,0.0
2022-01-03 02:15:00+01:00,4299.0,3854.0,3428.0,2024.0,281.0,24.0,427.0,4241.0,1364.0,119.0,3140.0,319.0,126.0,1.0,0.0,840.0,5733.0,26314.0,0.0
2022-01-03 02:30:00+01:00,4306.0,3851.0,3467.0,2024.0,281.0,24.0,436.0,4230.0,1366.0,152.0,3140.0,319.0,126.0,1.0,0.0,846.0,5739.0,25837.0,0.0
2022-01-03 02:45:00+01:00,4300.0,3850.0,3397.0,2023.0,281.0,24.0,370.0,4385.0,1365.0,86.0,3133.0,319.0,126.0,1.0,0.0,833.0,5659.0,25320.0,0.0
2022-01-03 03:00:00+01:00,4294.0,3863.0,3378.0,2019.0,281.0,24.0,395.0,4119.0,1368.0,134.0,3135.0,319.0,126.0,1.0,0.0,831.0,5714.0,24442.0,0.0
2022-01-03 03:15:00+01:00,4270.0,3880.0,3435.0,2031.0,281.0,24.0,269.0,4446.0,1366.0,70.0,3123.0,319.0,126.0,1.0,0.0,836.0,6028.0,25742.0,0.0
2022-01-03 03:30:00+01:00,4268.0,3869.0,3492.0,2033.0,281.0,24.0,251.0,4381.0,1367.0,86.0,3076.0,319.0,126.0,1.0,0.0,844.0,5624.0,25376.0,0.0
2022-01-03 03:45:00+01:00,4280.0,3871.0,3515.0,2030.0,281.0,24.0,257.0,4168.0,1369.0,126.0,3073.0,319.0,126.0,1.0,0.0,848.0,5488.0,25629.0,0.0
2022-01-03 04:00:00+01:00,4288.0,3909.0,3453.0,2045.0,281.0,24.0,266.0,3538.0,1374.0,244.0,3101.0,319.0,126.0,1.0,0.0,837.0,5531.0,26057.0,0.0
2022-01-03 04:15:00+01:00,4299.0,3976.0,3400.0,2049.0,281.0,24.0,223.0,3271.0,1375.0,124.0,3081.0,319.0,126.0,1.0,0.0,834.0,5747.0,27176.0,0.0
2022-01-03 04:30:00+01:00,4302.0,4068.0,3437.0,2054.0,281.0,24.0,212.0,3325.0,1377.0,63.0,3107.0,319.0,126.0,1.0,0.0,840.0,5820.0,26961.0,0.0
2022-01-03 04:45:00+01:00,4317.0,4102.0,3435.0,2058.0,281.0,24.0,367.0,3085.0,1373.0,104.0,3201.0,319.0,126.0,1.0,0.0,838.0,6026.0,27400.0,0.0
2022-01-03 05:00:00+01:00,4332.0,4124.0,3430.0,2108.0,281.0,24.0,399.0,1983.0,1377.0,55.0,3307.0,319.0,126.0,1.0,0.0,839.0,6217.0,29140.0,0.0
2022-01-03 05:15:00+01:00,4359.0,4209.0,3484.0,2192.0,281.0,24.0,433.0,1541.0,1374.0,111.0,3339.0,319.0,126.0,1.0,0.0,834.0,6172.0,30094.0,0.0
2022-01-03 05:30:00+01:00,4371.0,4369.0,3540.0,2244.0,281.0,24.0,259.0,1287.0,1376.0,59.0,3344.0,319.0,126.0,1.0,0.0,836.0,5981.0,30951.0,0.0
2022-01-03 05:45:00+01:00,4376.0,4513.0,3600.0,2336.0,281.0,23.0,335.0,1292.0,1375.0,93.0,3339.0,319.0,126.0,1.0,0.0,840.0,5997.0,33089.0,0.0
2022-01-03 06:00:00+01:00,4311.0,4729.0,3757.0,2399.0,281.0,24.0,278.0,2039.0,1374.0,84.0,3321.0,319.0,126.0,1.0,0.0,821.0,6242.0,35673.0,0.0
2022-01-03 06:15:00+01:00,4389.0,5010.0,3837.0,2477.0,281.0,23.0,306.0,1669.0,1376.0,51.0,3326.0,319.0,126.0,1.0,0.0,801.0,6232.0,36014.0,0.0
2022-01-03 06:30:00+01:00,4422.0,5115.0,4005.0,2641.0,281.0,23.0,408.0,650.0,1377.0,70.0,3341.0,318.0,126.0,1.0,0.0,789.0,6217.0,36064.0,0.0
2022-01-03 06:45:00+01:00,4443.0,5334.0,4171.0,2790.0,281.0,23.0,652.0,526.0,1376.0,56.0,3334.0,318.0,126.0,1.0,0.0,775.0,6018.0,36956.0,0.0
2022-01-03 07:00:00+01:00,4485.0,5533.0,4589.0,2941.0,281.0,24.0,457.0,974.0,1372.0,46.0,3313.0,316.0,126.0,1.0,0.0,764.0,6057.0,38016.0,0.0
2022-01-03 07:15:00+01:00,4500.0,5673.0,4806.0,2984.0,281.0,24.0,664.0,608.0,1374.0,61.0,3341.0,316.0,126.0,1.0,0.0,762.0,6055.0,37544.0,0.0
2022-01-03 07:30:00+01:00,4516.0,5748.0,4854.0,3122.0,281.0,24.0,912.0,362.0,1375.0,136.0,3345.0,316.0,126.0,2.0,0.0,736.0,6051.0,37439.0,0.0
2022-01-03 07:45:00+01:00,4544.0,6069.0,4919.0,3324.0,281.0,24.0,883.0,403.0,1377.0,208.0,3347.0,323.0,126.0,2.0,0.0,741.0,6069.0,37176.0,0.0
2022-01-03 08:00:00+01:00,4572.0,6625.0,5316.0,3394.0,281.0,24.0,1305.0,316.0,1378.0,190.0,3333.0,323.0,126.0,3.0,0.0,743.0,6044.0,36391.0,0.0
2022-01-03 08:15:00+01:00,4597.0,7142.0,5360.0,3464.0,281.0,24.0,1447.0,341.0,1376.0,52.0,3345.0,323.0,126.0,27.0,0.0,750.0,6069.0,36231.0,0.0
2022-01-03 08:30:00+01:00,4604.0,7375.0,5392.0,3577.0,281.0,24.0,1588.0,375.0,1377.0,86.0,3345.0,323.0,126.0,163.0,0.0,750.0,6054.0,36681.0,0.0
2022-01-03 08:45:00+01:00,4607.0,7706.0,5408.0,3586.0,281.0,24.0,1514.0,384.0,1374.0,59.0,3345.0,324.0,126.0,411.0,0.0,737.0,6076.0,36761.0,0.0
2022-01-03 09:00:00+01:00,4592.0,8083.0,5477.0,3501.0,281.0,24.0,2022.0,149.0,1376.0,107.0,3348.0,324.0,126.0,792.0,0.0,735.0,6075.0,36099.0,0.0
2022-01-03 09:15:00+01:00,4595.0,8295.0,5473.0,3535.0,281.0,24.0,2070.0,183.0,1385.0,59.0,3347.0,323.0,126.0,1246.0,0.0,732.0,6090.0,35766.0,0.0
2022-01-03 09:30:00+01:00,4614.0,8584.0,5370.0,3595.0,282.0,24.0,1811.0,206.0,1385.0,44.0,3345.0,324.0,126.0,1704.0,0.0,733.0,6105.0,35730.0,0.0
2022-01-03 09:45:00+01:00,4601.0,8816.0,5403.0,3599.0,286.0,24.0,1359.0,116.0,1385.0,48.0,3347.0,323.0,126.0,2192.0,0.0,739.0,5826.0,35643.0,0.0
2022-01-03 10:00:00+01:00,4572.0,8924.0,5546.0,3611.0,287.0,24.0,1762.0,212.0,1391.0,52.0,3353.0,323.0,126.0,2735.0,0.0,741.0,5662.0,35670.0,0.0
2022-01-03 10:15:00+01:00,4568.0,8938.0,5609.0,3587.0,286.0,24.0,1479.0,219.0,1389.0,44.0,3356.0,323.0,126.0,3216.0,0.0,740.0,5652.0,35942.0,0.0
2022-01-03 10:30:00+01:00,4567.0,9007.0,5655.0,3562.0,285.0,24.0,1266.0,121.0,1390.0,43.0,3351.0,323.0,126.0,3608.0,0.0,735.0,5648.0,36077.0,0.0
2022-01-03 10:45:00+01:00,4573.0,8980.0,5594.0,3566.0,284.0,24.0,1000.0,268.0,1383.0,43.0,3345.0,323.0,126.0,3960.0,0.0,730.0,5663.0,36154.0,0.0
2022-01-03 11:00:00+01:00,4555.0,9003.0,5497.0,3558.0,283.0,24.0,733.0,329.0,1380.0,52.0,3378.0,324.0,126.0,4232.0,0.0,739.0,5656.0,36279.0,0.0
2022-01-03 11:15:00+01:00,4530.0,8999.0,5509.0,3592.0,283.0,24.0,711.0,499.0,1379.0,49.0,3455.0,323.0,126.0,4534.0,0.0,745.0,5635.0,36528.0,0.0
2022-01-03 11:30:00+01:00,4537.0,8971.0,5465.0,3599.0,282.0,24.0,696.0,529.0,1382.0,48.0,3525.0,323.0,126.0,4776.0,0.0,745.0,5645.0,36749.0,0.0
2022-01-03 11:45:00+01:00,4539.0,8974.0,5436.0,3563.0,281.0,24.0,653.0,769.0,1380.0,48.0,3639.0,323.0,126.0,4934.0,0.0,752.0,5638.0,37042.0,0.0
2022-01-03 12:00:00+01:00,4504.0,9018.0,5378.0,3497.0,281.0,24.0,760.0,618.0,1375.0,60.0,3787.0,324.0,126.0,5002.0,0.0,755.0,5627.0,36845.0,0.0
2022-01-03 12:15:00+01:00,4504.0,9027.0,5379.0,3465.0,281.0,24.0,691.0,807.0,1375.0,50.0,3917.0,323.0,126.0,4976.0,0.0,754.0,5633.0,36657.0,0.0
2022-01-03 12:30:00+01:00,4498.0,9095.0,5378.0,3416.0,281.0,24.0,972.0,653.0,1376.0,125.0,3973.0,323.0,126.0,4842.0,0.0,752.0,5634.0,36206.0,0.0
2022-01-03 12:45:00+01:00,4495.0,9153.0,5386.0,3357.0,316.0,24.0,860.0,919.0,1374.0,43.0,3996.0,323.0,126.0,4619.0,0.0,755.0,5630.0,36283.0,0.0
2022-01-03 13:00:00+01:00,4490.0,9229.0,5436.0,3317.0,281.0,24.0,797.0,682.0,1375.0,34.0,4023.0,323.0,126.0,4210.0,0.0,742.0,5628.0,36072.0,0.0
2022-01-03 13:15:00+01:00,4485.0,9283.0,5485.0,3336.0,281.0,24.0,659.0,619.0,1375.0,27.0,4039.0,323.0,126.0,4011.0,0.0,734.0,5639.0,35853.0,0.0
2022-01-03 13:30:00+01:00,4495.0,9322.0,5510.0,3336.0,281.0,24.0,756.0,564.0,1375.0,38.0,4048.0,324.0,126.0,3744.0,0.0,741.0,5649.0,35662.0,0.0
2022-01-03 13:45:00+01:00,4497.0,9371.0,5547.0,3340.0,281.0,24.0,644.0,857.0,1371.0,37.0,4051.0,324.0,126.0,3408.0,0.0,747.0,5637.0,35611.0,0.0
2022-01-03 14:00:00+01:00,4511.0,9562.0,5484.0,3336.0,281.0,24.0,469.0,967.0,1373.0,36.0,4046.0,323.0,126.0,3101.0,0.0,762.0,5640.0,35264.0,0.0
2022-01-03 14:15:00+01:00,4523.0,9634.0,5453.0,3332.0,281.0,24.0,510.0,693.0,1372.0,49.0,4050.0,323.0,126.0,2798.0,0.0,760.0,5642.0,34814.0,0.0
2022-01-03 14:30:00+01:00,4528.0,9777.0,5476.0,3334.0,281.0,24.0,519.0,583.0,1372.0,62.0,4046.0,324.0,126.0,2405.0,0.0,779.0,5647.0,34509.0,0.0
2022-01-03 14:45:00+01:00,4548.0,10138.0,5473.0,3338.0,281.0,24.0,971.0,542.0,1376.0,99.0,4045.0,323.0,126.0,2020.0,0.0,782.0,5656.0,34183.0,0.0
2022-01-03 15:00:00+01:00,4563.0,10596.0,5438.0,3392.0,281.0,24.0,1348.0,27.0,1375.0,67.0,4046.0,324.0,126.0,1518.0,0.0,796.0,5656.0,33678.0,0.0
2022-01-03 15:15:00+01:00,4587.0,10758.0,5477.0,3428.0,281.0,24.0,1624.0,7.0,1372.0,26.0,4045.0,323.0,126.0,1101.0,0.0,779.0,5652.0,33037.0,0.0
2022-01-03 15:30:00+01:00,4594.0,10923.0,5500.0,3464.0,281.0,24.0,1966.0,100.0,1372.0,82.0,4045.0,323.0,126.0,724.0,0.0,766.0,5647.0,32806.0,0.0
2022-01-03 15:45:00+01:00,4620.0,11019.0,5492.0,3555.0,281.0,24.0,1809.0,108.0,1369.0,35.0,4045.0,324.0,126.0,380.0,0.0,771.0,5651.0,33008.0,0.0
2022-01-03 16:00:00+01:00,4657.0,11209.0,5490.0,3841.0,281.0,24.0,2713.0,177.0,1367.0,28.0,4046.0,323.0,126.0,146.0,0.0,790.0,5655.0,33177.0,0.0
2022-01-03 16:15:00+01:00,4678.0,11363.0,5535.0,3977.0,281.0,25.0,3292.0,183.0,1366.0,29.0,4047.0,325.0,127.0,35.0,0.0,793.0,5659.0,32865.0,0.0
2022-01-03 16:30:00+01:00,4693.0,11440.0,5678.0,4146.0,281.0,24.0,3569.0,232.0,1367.0,29.0,4048.0,347.0,137.0,6.0,0.0,787.0,5659.0,32488.0,0.0
2022-01-03 16:45:00+01:00,4704.0,11312.0,5727.0,4290.0,280.0,25.0,3663.0,264.0,1366.0,34.0,4050.0,352.0,139.0,4.0,0.0,793.0,5653.0,32297.0,0.0
2022-01-03 17:00:00+01:00,4720.0,11180.0,5841.0,4304.0,281.0,25.0,3383.0,165.0,1365.0,36.0,4046.0,351.0,139.0,2.0,0.0,795.0,5639.0,32251.0,0.0
2022-01-03 17:15:00+01:00,4728.0,11436.0,5851.0,4352.0,281.0,25.0,3484.0,159.0,1368.0,41.0,4049.0,352.0,139.0,2.0,0.0,781.0,5653.0,32252.0,0.0
2022-01-03 17:30:00+01:00,4724.0,11502.0,5849.0,4340.0,281.0,25.0,3737.0,260.0,1367.0,37.0,4053.0,353.0,140.0,2.0,0.0,781.0,5648.0,32210.0,0.0
2022-01-03 17:45:00+01:00,4717.0,11475.0,5848.0,4325.0,281.0,25.0,3660.0,255.0,1369.0,38.0,4052.0,353.0,140.0,2.0,0.0,781.0,5466.0,32198.0,0.0
2022-01-03 18:00:00+01:00,4721.0,11511.0,5802.0,4416.0,281.0,25.0,2306.0,66.0,1369.0,95.0,4050.0,353.0,140.0,2.0,0.0,787.0,5449.0,32391.0,0.0
2022-01-03 18:15:00+01:00,4738.0,11580.0,5809.0,4414.0,281.0,25.0,2077.0,73.0,1368.0,117.0,4048.0,353.0,140.0,2.0,0.0,785.0,5449.0,32361.0,0.0
2022-01-03 18:30:00+01:00,4734.0,11574.0,5812.0,4423.0,281.0,25.0,2129.0,157.0,1372.0,95.0,4048.0,353.0,140.0,2.0,0.0,785.0,5450.0,32409.0,0.0
2022-01-03 18:45:00+01:00,4724.0,11654.0,5730.0,4405.0,281.0,25.0,1894.0,159.0,1370.0,102.0,4053.0,343.0,135.0,2.0,0.0,787.0,5440.0,32148.0,0.0
2022-01-03 19:00:00+01:00,4710.0,11821.0,5631.0,4364.0,282.0,25.0,2254.0,154.0,1369.0,139.0,4054.0,333.0,130.0,2.0,0.0,786.0,5453.0,31854.0,0.0
2022-01-03 19:15:00+01:00,4694.0,11774.0,5651.0,4320.0,283.0,25.0,2011.0,85.0,1372.0,101.0,4054.0,340.0,130.0,2.0,0.0,775.0,5446.0,31183.0,0.0
2022-01-03 19:30:00+01:00,4697.0,11819.0,5623.0,4267.0,283.0,25.0,1701.0,84.0,1372.0,163.0,4056.0,341.0,130.0,2.0,0.0,775.0,5462.0,30464.0,0.0
2022-01-03 19:45:00+01:00,4688.0,11921.0,5538.0,4169.0,283.0,25.0,1173.0,221.0,1370.0,46.0,4053.0,345.0,132.0,2.0,0.0,785.0,5460.0,30037.0,0.0
2022-01-03 20:00:00+01:00,4655.0,12092.0,5358.0,4425.0,283.0,25.0,2294.0,313.0,1372.0,166.0,4054.0,346.0,133.0,2.0,0.0,773.0,5267.0,29660.0,0.0
2022-01-03 20:15:00+01:00,4625.0,12047.0,5388.0,4407.0,283.0,25.0,1441.0,323.0,1369.0,76.0,4053.0,346.0,133.0,2.0,0.0,785.0,5134.0,29100.0,0.0
2022-01-03 20:30:00+01:00,4612.0,12130.0,5367.0,4440.0,283.0,25.0,853.0,409.0,1370.0,105.0,4056.0,346.0,133.0,2.0,0.0,766.0,5104.0,28650.0,0.0
2022-01-03 20:45:00+01:00,4611.0,11978.0,5301.0,4390.0,283.0,25.0,872.0,467.0,1369.0,68.0,4057.0,346.0,133.0,2.0,0.0,764.0,5124.0,28143.0,0.0
2022-01-03 21:00:00+01:00,4526.0,11861.0,5365.0,4505.0,283.0,25.0,1328.0,1560.0,1366.0,164.0,4058.0,360.0,133.0,2.0,0.0,763.0,5131.0,28011.0,0.0
2022-01-03 21:15:00+01:00,4498.0,11905.0,5390.0,4491.0,283.0,25.0,767.0,1656.0,1360.0,125.0,4056.0,362.0,135.0,2.0,0.0,761.0,5069.0,27516.0,0.0
2022-01-03 21:30:00+01:00,4488.0,11871.0,5407.0,4559.0,283.0,25.0,369.0,1681.0,1357.0,93.0,4055.0,362.0,135.0,2.0,0.0,788.0,5020.0,27117.0,0.0
2022-01-03 21:45:00+01:00,4472.0,11801.0,5383.0,4677.0,283.0,25.0,281.0,2312.0,1355.0,175.0,4055.0,362.0,135.0,2.0,0.0,788.0,5309.0,26443.0,0.0
2022-01-03 22:00:00+01:00,4451.0,11892.0,5007.0,4757.0,283.0,25.0,387.0,2099.0,1352.0,128.0,4054.0,362.0,135.0,2.0,0.0,782.0,5476.0,25332.0,0.0
2022-01-03 22:15:00+01:00,4435.0,11766.0,5012.0,4848.0,283.0,25.0,165.0,2286.0,1355.0,45.0,4065.0,363.0,135.0,2.0,0.0,793.0,5456.0,25047.0,0.0
2022-01-03 22:30:00+01:00,4436.0,11774.0,4997.0,4883.0,283.0,25.0,148.0,2547.0,1359.0,42.0,4063.0,362.0,134.0,2.0,0.0,790.0,5450.0,24750.0,0.0
2022-01-03 22:45:00+01:00,4424.0,11752.0,5001.0,4906.0,283.0,25.0,127.0,3019.0,1358.0,41.0,4065.0,362.0,134.0,2.0,0.0,794.0,5534.0,24175.0,0.0
2022-01-03 23:00:00+01:00,4398.0,11744.0,4887.0,4669.0,283.0,25.0,124.0,1646.0,1360.0,66.0,4067.0,362.0,135.0,2.0,0.0,792.0,5442.0,23742.0,0.0
2022-01-03 23:15:00+01:00,4388.0,11881.0,4850.0,4687.0,283.0,26.0,232.0,2062.0,1361.0,42.0,4066.0,362.0,135.0,2.0,0.0,790.0,5357.0,23110.0,0.0
2022-01-03 23:30:00+01:00,4379.0,11770.0,4854.0,4669.0,283.0,26.0,249.0,2159.0,1366.0,44.0,4066.0,362.0,135.0,2.0,0.0,787.0,5294.0,22759.0,0.0
2022-01-03 23:45:00+01:00,4378.0,12003.0,4548.0,4714.0,283.0,26.0,230.0,2496.0,1366.0,41.0,4065.0,363.0,135.0,2.0,0.0,787.0,5275.0,22082.0,0.0
2022-01-04 00:00:00+01:00,4365.0,12441.0,4534.0,4696.0,283.0,26.0,221.0,3038.0,1372.0,64.0,4067.0,356.0,142.0,2.0,0.0,783.0,5250.0,21614.0,0.0
2022-01-04 00:15:00+01:00,4378.0,12554.0,4522.0,4635.0,283.0,26.0,231.0,3470.0,1371.0,106.0,4064.0,359.0,143.0,2.0,0.0,787.0,5277.0,21547.0,0.0
2022-01-04 00:30:00+01:00,4385.0,12557.0,4516.0,4548.0,283.0,26.0,253.0,3999.0,1370.0,146.0,4060.0,359.0,143.0,2.0,0.0,793.0,5384.0,21261.0,0.0
2022-01-04 00:45:00+01:00,4385.0,12572.0,4461.0,4525.0,283.0,26.0,251.0,3963.0,1366.0,139.0,4058.0,357.0,142.0,2.0,0.0,787.0,5315.0,20906.0,0.0
2022-01-04 01:00:00+01:00,4386.0,12386.0,4476.0,4483.0,283.0,26.0,209.0,4438.0,1364.0,191.0,4061.0,336.0,133.0,2.0,0.0,782.0,5275.0,20523.0,0.0
2022-01-04 01:15:00+01:00,4380.0,12354.0,4430.0,4417.0,283.0,26.0,209.0,4490.0,1364.0,221.0,4065.0,333.0,131.0,2.0,0.0,779.0,5004.0,20351.0,0.0
2022-01-04 01:30:00+01:00,4388.0,12408.0,4436.0,4564.0,283.0,25.0,208.0,4421.0,1367.0,192.0,4067.0,350.0,131.0,2.0,0.0,781.0,4710.0,20086.0,0.0
2022-01-04 01:45:00+01:00,4383.0,12356.0,4432.0,4400.0,283.0,25.0,208.0,4511.0,1368.0,188.0,4066.0,350.0,131.0,2.0,0.0,785.0,4465.0,19798.0,0.0
2022-01-04 02:00:00+01:00,4373.0,11986.0,4358.0,4075.0,283.0,26.0,207.0,4449.0,1368.0,194.0,4067.0,350.0,131.0,2.0,0.0,802.0,4322.0,19491.0,0.0
2022-01-04 02:15:00+01:00,4360.0,11917.0,4362.0,3932.0,283.0,26.0,216.0,4261.0,1368.0,203.0,4067.0,351.0,131.0,2.0,0.0,789.0,3953.0,19094.0,0.0
2022-01-04 02:30:00+01:00,4372.0,11831.0,4347.0,3934.0,283.0,26.0,263.0,4134.0,1369.0,253.0,4067.0,350.0,131.0,2.0,0.0,801.0,3778.0,18553.0,0.0
2022-01-04 02:45:00+01:00,4377.0,11959.0,4365.0,3973.0,283.0,26.0,210.0,4094.0,1370.0,185.0,4066.0,350.0,131.0,2.0,0.0,803.0,3795.0,18437.0,0.0
2022-01-04 03:00:00+01:00,4379.0,12117.0,4427.0,4018.0,283.0,26.0,208.0,3870.0,1372.0,188.0,4067.0,350.0,131.0,2.0,0.0,762.0,3764.0,18075.0,0.0
2022-01-04 03:15:00+01:00,4371.0,12023.0,4486.0,4182.0,283.0,26.0,207.0,3929.0,1370.0,183.0,4066.0,350.0,131.0,2.0,0.0,759.0,3563.0,17815.0,0.0
2022-01-04 03:30:00+01:00,4367.0,11792.0,4519.0,4375.0,283.0,26.0,224.0,3846.0,1373.0,185.0,4066.0,350.0,131.0,2.0,0.0,761.0,3304.0,17616.0,0.0
2022-01-04 03:45:00+01:00,4373.0,12027.0,4566.0,4523.0,283.0,26.0,220.0,3444.0,1375.0,182.0,4068.0,350.0,131.0,2.0,0.0,759.0,3109.0,17169.0,0.0
2022-01-04 04:00:00+01:00,4384.0,12412.0,4725.0,4720.0,283.0,26.0,247.0,3495.0,1376.0,168.0,4067.0,350.0,131.0,2.0,0.0,741.0,2956.0,16615.0,0.0
2022-01-04 04:15:00+01:00,4398.0,12492.0,4847.0,4945.0,283.0,26.0,265.0,3354.0,1376.0,147.0,4066.0,350.0,131.0,2.0,0.0,750.0,2660.0,16314.0,0.0
2022-01-04 04:30:00+01:00,4398.0,12574.0,4889.0,5018.0,283.0,26.0,288.0,2958.0,1375.0,175.0,4068.0,350.0,131.0,2.0,0.0,765.0,2521.0,16116.0,0.0
2022-01-04 04:45:00+01:00,4410.0,12555.0,4918.0,5452.0,283.0,26.0,254.0,2503.0,1370.0,39.0,4066.0,350.0,131.0,2.0,0.0,767.0,2468.0,15803.0,0.0
2022-01-04 05:00:00+01:00,4424.0,12445.0,5165.0,5920.0,283.0,26.0,218.0,2758.0,1369.0,28.0,4058.0,364.0,138.0,2.0,0.0,737.0,2517.0,15639.0,0.0
2022-01-04 05:15:00+01:00,4429.0,12543.0,5326.0,6307.0,283.0,26.0,244.0,2410.0,1366.0,31.0,4062.0,376.0,143.0,2.0,0.0,742.0,2474.0,15306.0,0.0
2022-01-04 05:30:00+01:00,4429.0,12634.0,5416.0,6572.0,283.0,26.0,263.0,2198.0,1368.0,41.0,4067.0,376.0,143.0,2.0,0.0,744.0,2486.0,14920.0,0.0
2022-01-04 05:45:00+01:00,4436.0,12673.0,5685.0,6894.0,283.0,26.0,249.0,1605.0,1367.0,39.0,4065.0,387.0,148.0,2.0,0.0,746.0,2571.0,14743.0,0.0
2022-01-04 06:00:00+01:00,4482.0,12854.0,6276.0,7556.0,283.0,26.0,225.0,1375.0,1368.0,61.0,4058.0,418.0,162.0,2.0,0.0,707.0,2842.0,14528.0,0.0
2022-01-04 06:15:00+01:00,4493.0,12884.0,6882.0,8151.0,283.0,25.0,128.0,595.0,1365.0,63.0,4060.0,447.0,176.0,2.0,0.0,705.0,3014.0,14161.0,0.0
2022-01-04 06:30:00+01:00,4506.0,12914.0,7203.0,8741.0,283.0,25.0,218.0,589.0,1363.0,64.0,4063.0,456.0,180.0,2.0,0.0,704.0,3177.0,14071.0,0.0
2022-01-04 06:45:00+01:00,4527.0,12940.0,7381.0,9463.0,283.0,26.0,804.0,596.0,1370.0,62.0,4066.0,456.0,180.0,2.0,0.0,703.0,3319.0,13739.0,0.0
2022-01-04 07:00:00+01:00,4587.0,12758.0,7773.0,9982.0,284.0,26.0,1706.0,983.0,1365.0,45.0,4055.0,497.0,180.0,2.0,0.0,714.0,3352.0,13529.0,0.0
2022-01-04 07:15:00+01:00,4625.0,12820.0,7842.0,10320.0,283.0,26.0,1865.0,661.0,1368.0,108.0,4063.0,489.0,180.0,4.0,0.0,727.0,3266.0,13344.0,0.0
2022-01-04 07:30:00+01:00,4645.0,12956.0,8080.0,10470.0,283.0,26.0,2292.0,261.0,1365.0,350.0,4065.0,489.0,180.0,5.0,0.0,730.0,3261.0,13136.0,0.0
2022-01-04 07:45:00+01:00,4663.0,12982.0,8357.0,10554.0,283.0,26.0,2467.0,279.0,1371.0,517.0,4065.0,489.0,180.0,5.0,0.0,732.0,3397.0,13027.0,0.0
2022-01-04 08:00:00+01:00,4699.0,12863.0,8914.0,10499.0,283.0,26.0,3086.0,426.0,1373.0,312.0,4056.0,489.0,180.0,6.0,0.0,739.0,3290.0,12766.0,0.0
2022-01-04 08:15:00+01:00,4718.0,12963.0,9280.0,10662.0,284.0,26.0,3309.0,149.0,1373.0,217.0,4066.0,489.0,180.0,12.0,0.0,736.0,3304.0,12495.0,0.0
2022-01-04 08:30:00+01:00,4706.0,12993.0,9458.0,10860.0,286.0,25.0,3229.0,127.0,1378.0,134.0,4068.0,489.0,180.0,61.0,0.0,734.0,3313.0,12547.0,0.0
2022-01-04 08:45:00+01:00,4708.0,12983.0,9632.0,11044.0,288.0,25.0,3379.0,68.0,1378.0,91.0,4066.0,489.0,180.0,139.0,0.0,744.0,3096.0,12320.0,0.0
2022-01-04 09:00:00+01:00,4714.0,12960.0,9790.0,11117.0,295.0,25.0,3722.0,48.0,1378.0,90.0,4067.0,489.0,180.0,263.0,0.0,749.0,2895.0,12257.0,0.0
2022-01-04 09:15:00+01:00,4732.0,12954.0,9982.0,11190.0,292.0,25.0,4045.0,47.0,1381.0,112.0,4068.0,489.0,180.0,399.0,0.0,746.0,2639.0,11758.0,0.0
2022-01-04 09:30:00+01:00,4737.0,12961.0,10030.0,11262.0,297.0,25.0,4181.0,47.0,1383.0,137.0,4066.0,489.0,180.0,574.0,0.0,745.0,2761.0,11699.0,0.0
2022-01-04 09:45:00+01:00,4729.0,12953.0,10025.0,11285.0,299.0,25.0,3987.0,47.0,1388.0,176.0,4062.0,489.0,180.0,774.0,0.0,746.0,2977.0,11603.0,0.0
2022-01-04 10:00:00+01:00,4715.0,12970.0,10062.0,11379.0,298.0,25.0,4071.0,92.0,1388.0,145.0,4067.0,489.0,180.0,955.0,0.0,764.0,3415.0,11615.0,0.0
2022-01-04 10:15:00+01:00,4707.0,12966.0,10057.0,11416.0,299.0,25.0,3988.0,88.0,1389.0,109.0,4064.0,489.0,180.0,1130.0,0.0,763.0,3751.0,11563.0,0.0
2022-01-04 10:30:00+01:00,4692.0,13010.0,10069.0,11408.0,299.0,25.0,3864.0,47.0,1392.0,112.0,4064.0,489.0,180.0,1304.0,0.0,761.0,3810.0,11737.0,0.0
2022-01-04 10:45:00+01:00,4675.0,12966.0,10041.0,11486.0,301.0,24.0,4147.0,84.0,1394.0,95.0,4064.0,489.0,180.0,1476.0,0.0,757.0,3200.0,11997.0,0.0
2022-01-04 11:00:00+01:00,4666.0,12959.0,10025.0,11603.0,308.0,24.0,3970.0,79.0,1391.0,69.0,4066.0,489.0,180.0,1623.0,0.0,756.0,3159.0,12046.0,0.0
2022-01-04 11:15:00+01:00,4675.0,13002.0,10067.0,11556.0,306.0,24.0,3763.0,151.0,1387.0,66.0,4065.0,489.0,180.0,1804.0,0.0,753.0,3337.0,12058.0,0.0
2022-01-04 11:30:00+01:00,4673.0,13100.0,10066.0,11568.0,306.0,24.0,3443.0,150.0,1387.0,103.0,4064.0,489.0,180.0,2019.0,0.0,755.0,3559.0,12045.0,0.0
2022-01-04 11:45:00+01:00,4669.0,13222.0,10061.0,11661.0,308.0,24.0,3238.0,54.0,1383.0,67.0,4058.0,489.0,180.0,2169.0,0.0,755.0,3972.0,11946.0,0.0
2022-01-04 12:00:00+01:00,4626.0,13232.0,10003.0,11687.0,306.0,24.0,2856.0,93.0,1381.0,224.0,4057.0,489.0,180.0,2266.0,0.0,748.0,4276.0,11932.0,0.0
2022-01-04 12:15:00+01:00,4610.0,13229.0,9942.0,11685.0,303.0,24.0,2543.0,50.0,1381.0,165.0,4051.0,489.0,180.0,2368.0,0.0,748.0,4388.0,12040.0,0.0
2022-01-04 12:30:00+01:00,4608.0,13229.0,9912.0,11694.0,306.0,24.0,2190.0,53.0,1383.0,87.0,4052.0,489.0,180.0,2438.0,0.0,756.0,4734.0,11950.0,0.0
2022-01-04 12:45:00+01:00,4607.0,13242.0,9890.0,11708.0,308.0,23.0,1557.0,7.0,1382.0,63.0,4050.0,489.0,180.0,2586.0,0.0,751.0,4821.0,12204.0,0.0
2022-01-04 13:00:00+01:00,4590.0,13324.0,9998.0,11650.0,308.0,23.0,1191.0,7.0,1383.0,57.0,4051.0,489.0,180.0,2611.0,0.0,747.0,5077.0,12081.0,0.0
2022-01-04 13:15:00+01:00,4572.0,13318.0,9948.0,11585.0,306.0,23.0,832.0,298.0,1380.0,45.0,4051.0,489.0,180.0,2533.0,0.0,759.0,5386.0,12159.0,0.0
2022-01-04 13:30:00+01:00,4578.0,13284.0,9858.0,11530.0,304.0,23.0,401.0,524.0,1383.0,64.0,4051.0,489.0,180.0,2308.0,0.0,759.0,5500.0,12597.0,0.0
2022-01-04 13:45:00+01:00,4563.0,13174.0,9943.0,11402.0,302.0,23.0,262.0,656.0,1380.0,99.0,4047.0,489.0,180.0,2012.0,0.0,758.0,5800.0,12620.0,0.0
2022-01-04 14:00:00+01:00,4551.0,13236.0,10035.0,11113.0,297.0,23.0,381.0,409.0,1377.0,228.0,4050.0,489.0,180.0,1694.0,0.0,753.0,5857.0,12875.0,0.0
2022-01-04 14:15:00+01:00,4549.0,13321.0,10001.0,11043.0,285.0,23.0,572.0,281.0,1379.0,200.0,4047.0,489.0,180.0,1424.0,0.0,752.0,5452.0,12979.0,0.0
2022-01-04 14:30:00+01:00,4544.0,13371.0,9995.0,10957.0,278.0,23.0,742.0,275.0,1380.0,205.0,4047.0,489.0,180.0,1110.0,0.0,756.0,5300.0,13189.0,0.0
2022-01-04 14:45:00+01:00,4539.0,13392.0,10032.0,10856.0,284.0,23.0,954.0,327.0,1378.0,90.0,4050.0,489.0,180.0,866.0,0.0,371.0,5629.0,13321.0,0.0
2022-01-04 15:00:00+01:00,4552.0,13495.0,9726.0,10655.0,266.0,23.0,1199.0,256.0,1374.0,76.0,4053.0,489.0,180.0,680.0,0.0,747.0,6070.0,13580.0,0.0
2022-01-04 15:15:00+01:00,4556.0,13419.0,10198.0,10703.0,260.0,23.0,1324.0,322.0,1377.0,89.0,4055.0,489.0,180.0,505.0,0.0,756.0,6210.0,13791.0,0.0
2022-01-04 15:30:00+01:00,4564.0,13468.0,10044.0,10734.0,263.0,23.0,1351.0,278.0,1379.0,165.0,4058.0,489.0,180.0,338.0,0.0,768.0,6197.0,13799.0,0.0
2022-01-04 15:45:00+01:00,4565.0,13485.0,10061.0,10740.0,245.0,23.0,1532.0,195.0,1381.0,162.0,4060.0,489.0,180.0,187.0,0.0,773.0,6079.0,13881.0,0.0
2022-01-04 16:00:00+01:00,4595.0,13466.0,10049.0,10749.0,224.0,23.0,1779.0,123.0,1383.0,144.0,4060.0,489.0,180.0,65.0,0.0,758.0,6278.0,14041.0,0.0
2022-01-04 16:15:00+01:00,4603.0,13483.0,10094.0,10737.0,224.0,23.0,1996.0,64.0,1385.0,81.0,4062.0,489.0,180.0,12.0,0.0,756.0,6104.0,14522.0,0.0
2022-01-04 16:30:00+01:00,4621.0,13437.0,10139.0,10788.0,224.0,23.0,2228.0,73.0,1385.0,47.0,4065.0,489.0,180.0,5.0,0.0,756.0,6003.0,14859.0,0.0
2022-01-04 16:45:00+01:00,4654.0,13445.0,10125.0,10833.0,223.0,24.0,2608.0,157.0,1384.0,84.0,4064.0,489.0,180.0,4.0,0.0,759.0,5991.0,15133.0,0.0
2022-01-04 17:00:00+01:00,4690.0,13436.0,10282.0,10870.0,223.0,23.0,2964.0,164.0,1383.0,53.0,4065.0,489.0,180.0,3.0,0.0,761.0,5757.0,15572.0,0.0
2022-01-04 17:15:00+01:00,4700.0,13482.0,10326.0,10867.0,222.0,24.0,2992.0,63.0,1383.0,64.0,4065.0,489.0,180.0,3.0,0.0,762.0,6034.0,15773.0,0.0
2022-01-04 17:30:00+01:00,4696.0,13496.0,10345.0,10881.0,225.0,24.0,3093.0,50.0,1384.0,60.0,4063.0,489.0,180.0,3.0,0.0,760.0,6076.0,15468.0,0.0
2022-01-04 17:45:00+01:00,4707.0,13488.0,10298.0,10858.0,224.0,24.0,3137.0,73.0,1381.0,54.0,4065.0,489.0,180.0,3.0,0.0,748.0,5924.0,15737.0,0.0
2022-01-04 18:00:00+01:00,4706.0,13514.0,10196.0,10805.0,224.0,24.0,2810.0,104.0,1379.0,61.0,4062.0,489.0,180.0,2.0,0.0,753.0,5946.0,15586.0,0.0
2022-01-04 18:15:00+01:00,4705.0,13467.0,10238.0,10799.0,224.0,24.0,2229.0,106.0,1376.0,52.0,4064.0,489.0,180.0,2.0,0.0,759.0,5902.0,15715.0,0.0
2022-01-04 18:30:00+01:00,4704.0,13466.0,10200.0,10790.0,224.0,24.0,1839.0,106.0,1374.0,49.0,4067.0,489.0,180.0,2.0,0.0,759.0,6046.0,15600.0,0.0
2022-01-04 18:45:00+01:00,4698.0,13487.0,10134.0,10793.0,223.0,24.0,1481.0,50.0,1372.0,49.0,4069.0,489.0,180.0,2.0,0.0,756.0,6075.0,15550.0,0.0
2022-01-04 19:00:00+01:00,4675.0,13494.0,10093.0,10738.0,222.0,24.0,2375.0,96.0,1370.0,57.0,4072.0,490.0,180.0,2.0,0.0,746.0,6002.0,15604.0,0.0
2022-01-04 19:15:00+01:00,4650.0,13445.0,9926.0,10734.0,223.0,24.0,1783.0,62.0,1372.0,50.0,4073.0,490.0,180.0,2.0,0.0,748.0,5861.0,15897.0,0.0
2022-01-04 19:30:00+01:00,4643.0,13389.0,9864.0,10571.0,223.0,24.0,1322.0,145.0,1370.0,38.0,4076.0,490.0,180.0,2.0,0.0,745.0,6336.0,16305.0,0.0
2022-01-04 19:45:00+01:00,4636.0,13365.0,9724.0,10459.0,244.0,24.0,750.0,277.0,1369.0,51.0,4077.0,490.0,180.0,2.0,0.0,745.0,6711.0,16035.0,0.0
2022-01-04 20:00:00+01:00,4549.0,13451.0,9377.0,10433.0,247.0,24.0,1870.0,140.0,1370.0,124.0,4079.0,490.0,180.0,2.0,0.0,734.0,6660.0,15803.0,0.0
2022-01-04 20:15:00+01:00,4530.0,13457.0,8992.0,10304.0,248.0,25.0,1660.0,94.0,1363.0,107.0,4081.0,490.0,180.0,2.0,0.0,730.0,6471.0,15818.0,0.0
2022-01-04 20:30:00+01:00,4513.0,13449.0,8465.0,10301.0,251.0,25.0,1265.0,65.0,1364.0,61.0,4081.0,490.0,180.0,2.0,0.0,719.0,6392.0,16016.0,0.0
2022-01-04 20:45:00+01:00,4508.0,13476.0,7802.0,10407.0,249.0,25.0,1026.0,46.0,1367.0,53.0,4080.0,490.0,180.0,2.0,0.0,730.0,6666.0,15829.0,0.0
2022-01-04 21:00:00+01:00,4465.0,13501.0,7389.0,10393.0,250.0,25.0,1593.0,6.0,1368.0,76.0,4082.0,490.0,180.0,2.0,0.0,727.0,7054.0,15600.0,0.0
2022-01-04 21:15:00+01:00,4453.0,13492.0,7125.0,10310.0,250.0,25.0,1076.0,5.0,1366.0,53.0,4086.0,490.0,180.0,2.0,0.0,721.0,6734.0,15353.0,0.0
2022-01-04 21:30:00+01:00,4449.0,13508.0,6939.0,10181.0,249.0,26.0,840.0,45.0,1371.0,47.0,4091.0,491.0,181.0,2.0,0.0,725.0,6421.0,15430.0,0.0
2022-01-04 21:45:00+01:00,4449.0,13473.0,6954.0,9988.0,250.0,26.0,561.0,938.0,1372.0,38.0,4090.0,491.0,181.0,2.0,0.0,727.0,6304.0,15819.0,0.0
2022-01-04 22:00:00+01:00,4424.0,13507.0,6927.0,9970.0,256.0,26.0,1498.0,315.0,1368.0,83.0,4090.0,491.0,181.0,2.0,0.0,730.0,6521.0,15343.0,0.0
2022-01-04 22:15:00+01:00,4413.0,13540.0,6839.0,9853.0,258.0,26.0,1073.0,406.0,1371.0,39.0,4090.0,491.0,181.0,2.0,0.0,727.0,6786.0,15165.0,0.0
2022-01-04 22:30:00+01:00,4412.0,13635.0,6737.0,9778.0,257.0,26.0,659.0,616.0,1375.0,57.0,4089.0,492.0,181.0,2.0,0.0,726.0,6856.0,15182.0,0.0
2022-01-04 22:45:00+01:00,4399.0,13678.0,6677.0,9645.0,255.0,26.0,402.0,1535.0,1374.0,53.0,4090.0,492.0,181.0,2.0,0.0,728.0,7063.0,15417.0,0.0
2022-01-04 23:00:00+01:00,4371.0,13722.0,6365.0,9431.0,257.0,27.0,738.0,1491.0,1376.0,70.0,4088.0,492.0,181.0,2.0,0.0,726.0,7175.0,15255.0,0.0
2022-01-04 23:15:00+01:00,4364.0,13773.0,6321.0,9062.0,257.0,27.0,506.0,2084.0,1374.0,98.0,4087.0,492.0,181.0,2.0,0.0,730.0,7262.0,15382.0,0.0
2022-01-04 23:30:00+01:00,4351.0,13828.0,6114.0,8628.0,257.0,27.0,706.0,2009.0,1374.0,83.0,4086.0,492.0,181.0,2.0,0.0,726.0,7259.0,15359.0,0.0
2022-01-04 23:45:00+01:00,4322.0,13879.0,5680.0,8271.0,258.0,27.0,690.0,2446.0,1372.0,32.0,4088.0,479.0,175.0,2.0,0.0,729.0,7221.0,15654.0,0.0
2022-01-05 00:00:00+01:00,4285.0,13743.0,4600.0,7894.0,258.0,27.0,464.0,2104.0,1372.0,115.0,4091.0,409.0,161.0,2.0,0.0,774.0,7214.0,15801.0,0.0
2022-01-05 00:15:00+01:00,4271.0,13742.0,4340.0,7625.0,258.0,27.0,411.0,2368.0,1359.0,72.0,4093.0,377.0,146.0,2.0,0.0,767.0,7167.0,16352.0,0.0
2022-01-05 00:30:00+01:00,4267.0,13623.0,4177.0,7073.0,257.0,27.0,339.0,3144.0,1360.0,81.0,4090.0,352.0,135.0,2.0,0.0,769.0,7195.0,16425.0,0.0
2022-01-05 00:45:00+01:00,4269.0,13585.0,4179.0,6814.0,257.0,27.0,266.0,3983.0,1364.0,97.0,4082.0,356.0,137.0,2.0,0.0,772.0,7159.0,17010.0,0.0
2022-01-05 01:00:00+01:00,4269.0,13203.0,4349.0,6488.0,258.0,27.0,319.0,4196.0,1366.0,125.0,4094.0,359.0,138.0,1.0,0.0,769.0,7109.0,17500.0,0.0
2022-01-05 01:15:00+01:00,4248.0,13036.0,4367.0,6407.0,258.0,27.0,259.0,4441.0,1370.0,66.0,4095.0,359.0,138.0,1.0,0.0,764.0,7131.0,17999.0,0.0
2022-01-05 01:30:00+01:00,4243.0,12847.0,4366.0,6306.0,256.0,27.0,232.0,4986.0,1373.0,44.0,4095.0,359.0,138.0,1.0,0.0,760.0,7102.0,18369.0,0.0
2022-01-05 01:45:00+01:00,4243.0,12727.0,4342.0,6191.0,257.0,27.0,233.0,5165.0,1373.0,44.0,4093.0,359.0,138.0,1.0,0.0,759.0,6682.0,18862.0,0.0
2022-01-05 02:00:00+01:00,4236.0,12348.0,4328.0,6077.0,257.0,27.0,238.0,5043.0,1375.0,54.0,4097.0,364.0,140.0,2.0,0.0,755.0,6708.0,19663.0,0.0
2022-01-05 02:15:00+01:00,4241.0,12103.0,4324.0,5846.0,257.0,28.0,230.0,5225.0,1372.0,44.0,4096.0,365.0,140.0,2.0,0.0,754.0,6729.0,20663.0,0.0
2022-01-05 02:30:00+01:00,4235.0,11973.0,4325.0,5565.0,258.0,28.0,224.0,5422.0,1374.0,58.0,4095.0,365.0,140.0,2.0,0.0,754.0,6732.0,20985.0,0.0
2022-01-05 02:45:00+01:00,4248.0,11750.0,4331.0,5129.0,258.0,28.0,208.0,5402.0,1372.0,71.0,4096.0,365.0,140.0,2.0,0.0,756.0,6465.0,21919.0,0.0
2022-01-05 03:00:00+01:00,4256.0,11728.0,4324.0,4611.0,258.0,28.0,268.0,4961.0,1374.0,80.0,4099.0,365.0,140.0,2.0,0.0,751.0,6416.0,22527.0,0.0
2022-01-05 03:15:00+01:00,4244.0,11634.0,4294.0,4385.0,258.0,28.0,230.0,5071.0,1359.0,75.0,4096.0,365.0,140.0,2.0,0.0,747.0,6400.0,23077.0,0.0
2022-01-05 03:30:00+01:00,4251.0,11604.0,4312.0,4245.0,258.0,28.0,228.0,5002.0,1358.0,77.0,4099.0,365.0,141.0,1.0,0.0,745.0,6318.0,23588.0,0.0
2022-01-05 03:45:00+01:00,4272.0,11676.0,4307.0,4197.0,257.0,28.0,236.0,5137.0,1354.0,52.0,4099.0,365.0,140.0,2.0,0.0,741.0,6122.0,24258.0,0.0
2022-01-05 04:00:00+01:00,4290.0,11995.0,4277.0,4300.0,257.0,28.0,363.0,4968.0,1356.0,74.0,4099.0,365.0,140.0,2.0,0.0,732.0,6137.0,24431.0,0.0
2022-01-05 04:15:00+01:00,4291.0,12113.0,4270.0,4393.0,258.0,28.0,238.0,4399.0,1355.0,50.0,4099.0,365.0,140.0,2.0,0.0,736.0,6101.0,24703.0,0.0
2022-01-05 04:30:00+01:00,4297.0,12194.0,4354.0,4614.0,260.0,28.0,215.0,4358.0,1355.0,33.0,4099.0,365.0,141.0,2.0,0.0,742.0,6038.0,25213.0,0.0
2022-01-05 04:45:00+01:00,4297.0,12122.0,4417.0,5085.0,258.0,27.0,225.0,4139.0,1355.0,44.0,4097.0,365.0,141.0,2.0,0.0,742.0,6100.0,25487.0,0.0
2022-01-05 05:00:00+01:00,4320.0,11976.0,4628.0,5714.0,258.0,27.0,224.0,3904.0,1359.0,42.0,4096.0,365.0,141.0,2.0,0.0,735.0,6128.0,25974.0,0.0
2022-01-05 05:15:00+01:00,4298.0,12235.0,4776.0,6023.0,260.0,27.0,219.0,3855.0,1358.0,37.0,4097.0,365.0,141.0,2.0,0.0,734.0,6093.0,26399.0,0.0
2022-01-05 05:30:00+01:00,4292.0,12440.0,4812.0,6087.0,260.0,27.0,264.0,3626.0,1361.0,62.0,4095.0,365.0,141.0,2.0,0.0,735.0,6120.0,26942.0,0.0
2022-01-05 05:45:00+01:00,4292.0,12748.0,4848.0,6300.0,258.0,27.0,528.0,3383.0,1361.0,29.0,4093.0,365.0,141.0,2.0,0.0,736.0,6098.0,27932.0,0.0
2022-01-05 06:00:00+01:00,4322.0,12865.0,4929.0,6516.0,258.0,27.0,387.0,2746.0,1364.0,63.0,4077.0,365.0,140.0,2.0,0.0,734.0,6098.0,28952.0,0.0
2022-01-05 06:15:00+01:00,4352.0,13016.0,4923.0,6756.0,257.0,27.0,235.0,935.0,1361.0,56.0,4084.0,365.0,140.0,2.0,0.0,734.0,5930.0,29127.0,0.0
2022-01-05 06:30:00+01:00,4364.0,13066.0,4978.0,6950.0,259.0,26.0,587.0,355.0,1361.0,69.0,4084.0,365.0,140.0,3.0,0.0,737.0,5784.0,29695.0,0.0
2022-01-05 06:45:00+01:00,4377.0,13165.0,5034.0,7148.0,258.0,26.0,1084.0,135.0,1359.0,59.0,4084.0,375.0,145.0,3.0,0.0,744.0,5754.0,29831.0,0.0
2022-01-05 07:00:00+01:00,4446.0,13442.0,5325.0,7294.0,255.0,27.0,714.0,1074.0,1363.0,58.0,4075.0,389.0,152.0,3.0,0.0,740.0,5837.0,30360.0,0.0
2022-01-05 07:15:00+01:00,4485.0,13567.0,5371.0,7321.0,253.0,27.0,851.0,1024.0,1359.0,75.0,4082.0,392.0,153.0,3.0,0.0,735.0,5829.0,31060.0,0.0
2022-01-05 07:30:00+01:00,4514.0,13504.0,5416.0,7345.0,252.0,27.0,723.0,427.0,1361.0,84.0,4083.0,393.0,153.0,3.0,0.0,737.0,5803.0,31511.0,0.0
2022-01-05 07:45:00+01:00,4547.0,13416.0,5494.0,7411.0,253.0,27.0,793.0,307.0,1366.0,83.0,4084.0,393.0,153.0,3.0,0.0,737.0,5817.0,31766.0,0.0
2022-01-05 08:00:00+01:00,4573.0,13221.0,5668.0,7375.0,254.0,27.0,784.0,604.0,1366.0,78.0,4077.0,393.0,153.0,5.0,0.0,740.0,5826.0,31987.0,0.0
2022-01-05 08:15:00+01:00,4593.0,13213.0,5654.0,7359.0,252.0,26.0,922.0,437.0,1364.0,84.0,4089.0,393.0,153.0,26.0,0.0,740.0,5822.0,32442.0,0.0
2022-01-05 08:30:00+01:00,4605.0,12772.0,5690.0,7353.0,253.0,27.0,1173.0,478.0,1366.0,147.0,4093.0,393.0,153.0,140.0,0.0,735.0,5829.0,32627.0,0.0
2022-01-05 08:45:00+01:00,4613.0,12367.0,5702.0,7343.0,253.0,26.0,1281.0,168.0,1364.0,182.0,4090.0,393.0,153.0,415.0,0.0,741.0,5782.0,33085.0,0.0
2022-01-05 09:00:00+01:00,4613.0,12199.0,5656.0,7256.0,251.0,26.0,1754.0,95.0,1367.0,192.0,4093.0,393.0,153.0,775.0,0.0,744.0,5861.0,33059.0,0.0
2022-01-05 09:15:00+01:00,4607.0,12438.0,5653.0,7171.0,249.0,26.0,1462.0,105.0,1372.0,136.0,4089.0,393.0,153.0,1122.0,0.0,741.0,5844.0,33455.0,0.0
2022-01-05 09:30:00+01:00,4614.0,12569.0,5666.0,7108.0,247.0,26.0,1161.0,112.0,1373.0,87.0,4086.0,393.0,153.0,1493.0,0.0,742.0,5864.0,33465.0,0.0
2022-01-05 09:45:00+01:00,4612.0,12506.0,5647.0,7170.0,247.0,26.0,642.0,596.0,1370.0,79.0,4086.0,393.0,153.0,1938.0,0.0,744.0,5847.0,33982.0,0.0
2022-01-05 10:00:00+01:00,4573.0,12096.0,5603.0,7306.0,245.0,26.0,679.0,956.0,1374.0,93.0,4085.0,393.0,153.0,2530.0,0.0,736.0,5888.0,34370.0,0.0
2022-01-05 10:15:00+01:00,4546.0,11969.0,5604.0,7244.0,245.0,26.0,494.0,1030.0,1374.0,66.0,4084.0,393.0,153.0,3246.0,0.0,733.0,5893.0,34680.0,0.0
2022-01-05 10:30:00+01:00,4537.0,11941.0,5587.0,7199.0,246.0,27.0,319.0,1328.0,1378.0,94.0,4084.0,393.0,153.0,3931.0,0.0,742.0,5850.0,35082.0,0.0
2022-01-05 10:45:00+01:00,4535.0,11855.0,5576.0,7194.0,245.0,27.0,198.0,1792.0,1382.0,86.0,4084.0,390.0,152.0,4442.0,0.0,745.0,5842.0,35246.0,0.0
2022-01-05 11:00:00+01:00,4509.0,12134.0,5519.0,7065.0,245.0,27.0,194.0,1514.0,1388.0,130.0,4085.0,372.0,144.0,4817.0,0.0,740.0,5841.0,35705.0,0.0
2022-01-05 11:15:00+01:00,4513.0,12281.0,5539.0,6960.0,245.0,27.0,200.0,1539.0,1390.0,134.0,4086.0,370.0,143.0,5199.0,0.0,736.0,5850.0,35715.0,0.0
2022-01-05 11:30:00+01:00,4517.0,12441.0,5510.0,6734.0,246.0,27.0,220.0,1555.0,1393.0,118.0,4090.0,370.0,143.0,5646.0,0.0,703.0,5870.0,35773.0,0.0
2022-01-05 11:45:00+01:00,4518.0,12392.0,5509.0,6460.0,244.0,27.0,433.0,1904.0,1393.0,101.0,4094.0,370.0,143.0,5897.0,0.0,692.0,5883.0,36060.0,0.0
2022-01-05 12:00:00+01:00,4472.0,12006.0,5287.0,6322.0,246.0,27.0,433.0,1996.0,1397.0,107.0,4093.0,370.0,143.0,6118.0,0.0,699.0,5877.0,36052.0,0.0
2022-01-05 12:15:00+01:00,4458.0,12067.0,5268.0,6307.0,244.0,27.0,202.0,2309.0,1397.0,61.0,4089.0,370.0,143.0,6174.0,0.0,663.0,5883.0,36671.0,0.0
2022-01-05 12:30:00+01:00,4466.0,12099.0,5302.0,6226.0,245.0,27.0,172.0,2794.0,1397.0,46.0,4091.0,370.0,143.0,6179.0,0.0,658.0,5875.0,37135.0,0.0
2022-01-05 12:45:00+01:00,4472.0,12003.0,5341.0,6122.0,247.0,27.0,148.0,2681.0,1399.0,53.0,4086.0,370.0,143.0,5868.0,0.0,652.0,5871.0,37180.0,0.0
2022-01-05 13:00:00+01:00,4460.0,11888.0,5264.0,6012.0,245.0,27.0,284.0,2031.0,1406.0,130.0,4092.0,370.0,143.0,5659.0,0.0,665.0,5872.0,37294.0,0.0
2022-01-05 13:15:00+01:00,4456.0,11547.0,5328.0,6019.0,245.0,27.0,296.0,1669.0,1402.0,80.0,4087.0,371.0,143.0,5289.0,0.0,671.0,5878.0,37502.0,0.0
2022-01-05 13:30:00+01:00,4447.0,11445.0,5398.0,6135.0,245.0,27.0,306.0,1556.0,1404.0,59.0,4087.0,370.0,143.0,5117.0,0.0,665.0,5879.0,37509.0,0.0
2022-01-05 13:45:00+01:00,4456.0,11364.0,5497.0,6285.0,246.0,27.0,239.0,1697.0,1407.0,46.0,4082.0,370.0,143.0,4573.0,0.0,668.0,5712.0,37551.0,0.0
2022-01-05 14:00:00+01:00,4474.0,11617.0,5564.0,6410.0,245.0,27.0,272.0,1336.0,1408.0,113.0,4085.0,370.0,143.0,4064.0,0.0,692.0,5248.0,37768.0,0.0
2022-01-05 14:15:00+01:00,4476.0,11653.0,5571.0,6532.0,245.0,27.0,292.0,939.0,1410.0,67.0,4085.0,370.0,143.0,3507.0,0.0,700.0,5261.0,37861.0,0.0
2022-01-05 14:30:00+01:00,4475.0,11699.0,5583.0,6725.0,245.0,27.0,317.0,552.0,1411.0,50.0,4087.0,371.0,143.0,2931.0,0.0,703.0,5283.0,37630.0,0.0
2022-01-05 14:45:00+01:00,4479.0,11712.0,5569.0,6980.0,246.0,27.0,389.0,414.0,1408.0,51.0,4087.0,371.0,143.0,2363.0,0.0,708.0,5244.0,37560.0,0.0
2022-01-05 15:00:00+01:00,4501.0,11695.0,5860.0,7154.0,250.0,27.0,613.0,344.0,1406.0,47.0,4087.0,371.0,143.0,1832.0,0.0,710.0,5207.0,36965.0,0.0
2022-01-05 15:15:00+01:00,4509.0,11671.0,5901.0,7331.0,248.0,27.0,805.0,317.0,1408.0,50.0,4086.0,370.0,143.0,1307.0,0.0,720.0,5160.0,36669.0,0.0
2022-01-05 15:30:00+01:00,4510.0,11668.0,5898.0,7398.0,247.0,27.0,932.0,168.0,1408.0,110.0,4087.0,370.0,143.0,890.0,0.0,738.0,5212.0,36571.0,0.0
2022-01-05 15:45:00+01:00,4533.0,11634.0,5957.0,7529.0,248.0,27.0,1045.0,138.0,1410.0,124.0,4087.0,371.0,143.0,516.0,0.0,751.0,5171.0,37007.0,0.0
2022-01-05 16:00:00+01:00,4575.0,11533.0,6439.0,7657.0,249.0,27.0,1225.0,611.0,1407.0,50.0,4080.0,393.0,153.0,242.0,0.0,764.0,5140.0,36714.0,0.0
2022-01-05 16:15:00+01:00,4595.0,11558.0,6644.0,7759.0,251.0,27.0,1526.0,264.0,1407.0,157.0,4086.0,417.0,165.0,79.0,0.0,776.0,5100.0,35862.0,0.0
2022-01-05 16:30:00+01:00,4600.0,11584.0,6658.0,7842.0,246.0,27.0,2490.0,20.0,1408.0,183.0,4088.0,419.0,165.0,15.0,0.0,791.0,4999.0,34553.0,0.0
2022-01-05 16:45:00+01:00,4622.0,11526.0,6684.0,7915.0,241.0,27.0,3407.0,39.0,1410.0,130.0,4087.0,429.0,170.0,4.0,0.0,805.0,5017.0,34050.0,0.0
2022-01-05 17:00:00+01:00,4648.0,11472.0,6885.0,7931.0,247.0,27.0,3036.0,358.0,1413.0,59.0,4084.0,452.0,181.0,3.0,0.0,803.0,4994.0,33661.0,0.0
2022-01-05 17:15:00+01:00,4649.0,11548.0,6953.0,7966.0,271.0,27.0,3180.0,446.0,1415.0,53.0,4088.0,456.0,182.0,3.0,0.0,802.0,4960.0,33819.0,0.0
2022-01-05 17:30:00+01:00,4646.0,11537.0,6916.0,7972.0,247.0,27.0,3339.0,346.0,1417.0,60.0,4088.0,456.0,182.0,2.0,0.0,801.0,5033.0,33441.0,0.0
2022-01-05 17:45:00+01:00,4655.0,11630.0,6973.0,7978.0,247.0,27.0,3236.0,269.0,1414.0,58.0,4087.0,456.0,182.0,2.0,0.0,806.0,5069.0,33223.0,0.0
2022-01-05 18:00:00+01:00,4657.0,11731.0,6817.0,8000.0,247.0,27.0,1085.0,200.0,1412.0,38.0,4088.0,456.0,182.0,2.0,0.0,805.0,5037.0,33304.0,0.0
2022-01-05 18:15:00+01:00,4658.0,11749.0,6711.0,7961.0,246.0,27.0,991.0,387.0,1403.0,60.0,4086.0,456.0,182.0,2.0,0.0,804.0,4974.0,33197.0,0.0
2022-01-05 18:30:00+01:00,4645.0,11789.0,6720.0,7959.0,247.0,27.0,758.0,440.0,1403.0,67.0,4087.0,456.0,183.0,2.0,0.0,802.0,4759.0,33160.0,0.0
2022-01-05 18:45:00+01:00,4639.0,11775.0,6603.0,7950.0,247.0,27.0,729.0,426.0,1403.0,53.0,4089.0,456.0,183.0,2.0,0.0,799.0,4718.0,33182.0,0.0
2022-01-05 19:00:00+01:00,4628.0,11841.0,6392.0,7858.0,249.0,27.0,508.0,561.0,1407.0,41.0,4091.0,456.0,183.0,2.0,0.0,799.0,4906.0,32824.0,0.0
2022-01-05 19:15:00+01:00,4613.0,11854.0,6348.0,7832.0,249.0,27.0,324.0,823.0,1411.0,40.0,4091.0,456.0,183.0,2.0,0.0,798.0,4995.0,32566.0,0.0
2022-01-05 19:30:00+01:00,4609.0,11813.0,6340.0,7680.0,249.0,27.0,517.0,1002.0,1412.0,53.0,4093.0,456.0,183.0,2.0,0.0,797.0,5151.0,31903.0,0.0
2022-01-05 19:45:00+01:00,4612.0,11857.0,6268.0,7424.0,248.0,27.0,315.0,1205.0,1415.0,51.0,4091.0,441.0,176.0,2.0,0.0,805.0,5084.0,31793.0,0.0
2022-01-05 20:00:00+01:00,4546.0,11925.0,5778.0,7015.0,248.0,27.0,700.0,733.0,1420.0,69.0,4092.0,414.0,163.0,2.0,0.0,806.0,5084.0,31365.0,0.0
2022-01-05 20:15:00+01:00,4517.0,11931.0,5600.0,6821.0,248.0,27.0,547.0,1051.0,1413.0,49.0,4091.0,394.0,154.0,2.0,0.0,802.0,5146.0,30866.0,0.0
2022-01-05 20:30:00+01:00,4510.0,12023.0,5478.0,6541.0,247.0,27.0,306.0,1634.0,1412.0,80.0,4092.0,375.0,145.0,2.0,0.0,800.0,5137.0,30427.0,0.0
2022-01-05 20:45:00+01:00,4510.0,12036.0,5441.0,6299.0,249.0,27.0,243.0,1938.0,1416.0,51.0,4094.0,374.0,145.0,2.0,0.0,802.0,5087.0,29594.0,0.0
2022-01-05 21:00:00+01:00,4460.0,12016.0,5174.0,6321.0,250.0,27.0,408.0,2287.0,1421.0,55.0,4095.0,373.0,144.0,2.0,0.0,798.0,5060.0,29081.0,0.0
2022-01-05 21:15:00+01:00,4438.0,11915.0,5136.0,6296.0,249.0,27.0,263.0,2397.0,1416.0,36.0,4091.0,367.0,142.0,2.0,0.0,793.0,5115.0,28871.0,0.0
2022-01-05 21:30:00+01:00,4443.0,11949.0,5102.0,6259.0,249.0,27.0,235.0,2603.0,1417.0,35.0,4094.0,367.0,141.0,2.0,0.0,790.0,5086.0,28536.0,0.0
2022-01-05 21:45:00+01:00,4439.0,11850.0,5065.0,6272.0,248.0,27.0,272.0,3461.0,1418.0,34.0,4090.0,367.0,141.0,3.0,0.0,788.0,5207.0,28009.0,0.0
2022-01-05 22:00:00+01:00,4409.0,12326.0,4769.0,6388.0,250.0,28.0,399.0,2354.0,1423.0,38.0,4095.0,367.0,141.0,3.0,0.0,802.0,5232.0,27205.0,0.0
2022-01-05 22:15:00+01:00,4407.0,12361.0,4795.0,6428.0,250.0,28.0,144.0,2651.0,1424.0,34.0,4095.0,367.0,141.0,3.0,0.0,805.0,5430.0,26917.0,0.0
2022-01-05 22:30:00+01:00,4401.0,12434.0,4788.0,6350.0,250.0,28.0,211.0,2781.0,1423.0,35.0,4098.0,367.0,141.0,3.0,0.0,801.0,5470.0,26563.0,0.0
2022-01-05 22:45:00+01:00,4399.0,12318.0,4761.0,6153.0,251.0,28.0,213.0,3655.0,1423.0,35.0,4097.0,367.0,141.0,2.0,0.0,790.0,5390.0,26238.0,0.0
2022-01-05 23:00:00+01:00,4364.0,12332.0,4635.0,5977.0,251.0,28.0,327.0,2308.0,1422.0,35.0,4099.0,367.0,141.0,2.0,0.0,798.0,5305.0,25932.0,0.0
2022-01-05 23:15:00+01:00,4361.0,12236.0,4536.0,5828.0,252.0,28.0,218.0,2709.0,1415.0,23.0,4100.0,367.0,142.0,1.0,0.0,811.0,5517.0,25732.0,0.0
2022-01-05 23:30:00+01:00,4358.0,12080.0,4524.0,5395.0,251.0,28.0,211.0,2794.0,1412.0,26.0,4101.0,367.0,142.0,1.0,0.0,816.0,5636.0,25181.0,0.0
2022-01-05 23:45:00+01:00,4361.0,12014.0,4506.0,4934.0,252.0,29.0,207.0,3049.0,1406.0,25.0,4099.0,368.0,142.0,2.0,0.0,802.0,5578.0,24868.0,0.0
2022-01-06 00:00:00+01:00,4322.0,12076.0,4493.0,4662.0,252.0,29.0,345.0,3559.0,1405.0,53.0,4097.0,315.0,147.0,2.0,0.0,794.0,5410.0,24635.0,0.0
2022-01-06 00:15:00+01:00,4322.0,11893.0,4443.0,4574.0,250.0,29.0,224.0,3687.0,1396.0,47.0,4096.0,316.0,148.0,2.0,0.0,801.0,5462.0,24341.0,0.0
2022-01-06 00:30:00+01:00,4324.0,11904.0,4035.0,4694.0,250.0,29.0,210.0,4013.0,1397.0,38.0,4096.0,316.0,147.0,2.0,0.0,815.0,5362.0,23997.0,0.0
2022-01-06 00:45:00+01:00,4324.0,11923.0,4417.0,4850.0,252.0,26.0,318.0,4187.0,1398.0,81.0,4095.0,316.0,148.0,2.0,0.0,826.0,5290.0,23482.0,0.0
2022-01-06 01:00:00+01:00,4325.0,11954.0,4537.0,4941.0,252.0,25.0,517.0,3236.0,1401.0,104.0,4103.0,315.0,148.0,2.0,0.0,822.0,5345.0,22691.0,0.0
2022-01-06 01:15:00+01:00,4328.0,11947.0,4552.0,5141.0,250.0,25.0,333.0,3269.0,1399.0,76.0,4101.0,315.0,148.0,2.0,0.0,822.0,5301.0,22078.0,0.0
2022-01-06 01:30:00+01:00,4322.0,11943.0,4506.0,5448.0,249.0,25.0,233.0,3562.0,1398.0,35.0,4104.0,315.0,148.0,2.0,0.0,816.0,5731.0,21567.0,0.0
2022-01-06 01:45:00+01:00,4323.0,11989.0,4645.0,5905.0,252.0,25.0,208.0,3726.0,1397.0,24.0,4102.0,332.0,155.0,2.0,0.0,797.0,6185.0,20950.0,0.0
2022-01-06 02:00:00+01:00,4314.0,11911.0,4864.0,6649.0,253.0,25.0,206.0,3524.0,1396.0,29.0,4099.0,364.0,170.0,2.0,0.0,809.0,5968.0,20462.0,0.0
2022-01-06 02:15:00+01:00,4309.0,11839.0,4938.0,7099.0,251.0,25.0,206.0,3584.0,1392.0,23.0,4099.0,385.0,180.0,2.0,0.0,807.0,6114.0,19966.0,0.0
2022-01-06 02:30:00+01:00,4304.0,11853.0,4947.0,7279.0,250.0,24.0,206.0,3303.0,1396.0,32.0,4100.0,386.0,180.0,2.0,0.0,805.0,6560.0,19161.0,0.0
2022-01-06 02:45:00+01:00,4310.0,11805.0,4973.0,7616.0,250.0,21.0,210.0,3568.0,1395.0,23.0,4097.0,386.0,180.0,2.0,0.0,812.0,6677.0,18532.0,0.0
2022-01-06 03:00:00+01:00,4303.0,11743.0,5098.0,7488.0,249.0,20.0,284.0,3800.0,1397.0,31.0,4099.0,386.0,180.0,2.0,0.0,817.0,6535.0,17905.0,0.0
2022-01-06 03:15:00+01:00,4304.0,11787.0,5093.0,7573.0,251.0,20.0,320.0,3378.0,1390.0,163.0,4099.0,386.0,180.0,2.0,0.0,817.0,6543.0,17264.0,0.0
2022-01-06 03:30:00+01:00,4302.0,11816.0,5158.0,7779.0,250.0,20.0,341.0,3315.0,1389.0,147.0,4100.0,386.0,180.0,2.0,0.0,813.0,6476.0,16740.0,0.0
2022-01-06 03:45:00+01:00,4303.0,11754.0,5224.0,8256.0,250.0,20.0,235.0,3139.0,1388.0,65.0,4095.0,386.0,180.0,2.0,0.0,813.0,6384.0,16336.0,0.0
2022-01-06 04:00:00+01:00,4316.0,11628.0,5353.0,8747.0,250.0,20.0,227.0,3069.0,1388.0,88.0,4030.0,388.0,180.0,2.0,0.0,809.0,6041.0,15867.0,0.0
2022-01-06 04:15:00+01:00,4332.0,11627.0,5520.0,9032.0,250.0,20.0,268.0,2640.0,1386.0,24.0,3997.0,388.0,180.0,2.0,0.0,809.0,5858.0,15886.0,0.0
2022-01-06 04:30:00+01:00,4331.0,11649.0,5606.0,9288.0,250.0,20.0,332.0,2136.0,1383.0,26.0,4000.0,388.0,180.0,2.0,0.0,806.0,5613.0,16018.0,0.0
2022-01-06 04:45:00+01:00,4338.0,11726.0,5618.0,9708.0,249.0,20.0,307.0,1689.0,1381.0,25.0,3998.0,387.0,180.0,2.0,0.0,800.0,5307.0,15828.0,0.0
2022-01-06 05:00:00+01:00,4361.0,11753.0,5882.0,9890.0,249.0,19.0,273.0,1805.0,1381.0,24.0,3995.0,387.0,180.0,2.0,0.0,806.0,4781.0,15514.0,0.0
2022-01-06 05:15:00+01:00,4363.0,11769.0,6037.0,9918.0,249.0,19.0,380.0,1830.0,1381.0,25.0,3998.0,387.0,180.0,2.0,0.0,808.0,4580.0,15251.0,0.0
2022-01-06 05:30:00+01:00,4364.0,11872.0,6094.0,10136.0,249.0,19.0,476.0,1131.0,1381.0,27.0,3999.0,387.0,180.0,2.0,0.0,810.0,4274.0,14986.0,0.0
2022-01-06 05:45:00+01:00,4374.0,11996.0,6430.0,10341.0,249.0,19.0,800.0,954.0,1382.0,25.0,3999.0,387.0,180.0,2.0,0.0,808.0,4038.0,14853.0,0.0
2022-01-06 06:00:00+01:00,4431.0,12052.0,7024.0,10631.0,248.0,19.0,973.0,1674.0,1383.0,35.0,3993.0,388.0,180.0,2.0,0.0,815.0,3786.0,14746.0,0.0
2022-01-06 06:15:00+01:00,4454.0,12212.0,7210.0,11035.0,247.0,19.0,1421.0,590.0,1376.0,39.0,3997.0,396.0,184.0,2.0,0.0,806.0,3475.0,14003.0,0.0
2022-01-06 06:30:00+01:00,4461.0,12270.0,7317.0,11333.0,249.0,19.0,2544.0,287.0,1375.0,56.0,4001.0,398.0,185.0,2.0,0.0,817.0,3007.0,13378.0,0.0
2022-01-06 06:45:00+01:00,4499.0,12254.0,7805.0,11504.0,249.0,19.0,3305.0,68.0,1375.0,67.0,3999.0,398.0,185.0,2.0,0.0,814.0,2754.0,12882.0,0.0
2022-01-06 07:00:00+01:00,4568.0,12092.0,8346.0,11793.0,247.0,19.0,3131.0,50.0,1378.0,70.0,3998.0,438.0,184.0,2.0,0.0,816.0,2546.0,12593.0,0.0
2022-01-06 07:15:00+01:00,4610.0,12035.0,9284.0,12054.0,247.0,19.0,3482.0,15.0,1377.0,75.0,3998.0,437.0,183.0,3.0,0.0,825.0,2405.0,11908.0,0.0
2022-01-06 07:30:00+01:00,4626.0,12000.0,9818.0,12184.0,247.0,19.0,3858.0,209.0,1375.0,74.0,3998.0,437.0,183.0,3.0,0.0,830.0,2271.0,11519.0,0.0
2022-01-06 07:45:00+01:00,4655.0,11925.0,9914.0,12319.0,245.0,19.0,4348.0,43.0,1371.0,88.0,3996.0,437.0,183.0,3.0,0.0,824.0,2121.0,11279.0,0.0
2022-01-06 08:00:00+01:00,4690.0,11587.0,10191.0,12588.0,246.0,19.0,3694.0,168.0,1367.0,81.0,3997.0,437.0,183.0,6.0,0.0,824.0,2007.0,10857.0,0.0
2022-01-06 08:15:00+01:00,4673.0,11627.0,10366.0,12664.0,247.0,19.0,4177.0,305.0,1366.0,131.0,3998.0,437.0,183.0,49.0,0.0,824.0,1642.0,10396.0,0.0
2022-01-06 08:30:00+01:00,4581.0,11645.0,10243.0,12701.0,247.0,19.0,4921.0,151.0,1364.0,346.0,4000.0,437.0,183.0,291.0,0.0,811.0,1338.0,10202.0,0.0
2022-01-06 08:45:00+01:00,4607.0,11728.0,10234.0,12695.0,247.0,19.0,4569.0,150.0,1364.0,485.0,3996.0,437.0,183.0,826.0,0.0,799.0,1266.0,10016.0,0.0
2022-01-06 09:00:00+01:00,4641.0,11848.0,10335.0,12566.0,245.0,19.0,3394.0,150.0,1370.0,343.0,3970.0,437.0,183.0,1539.0,0.0,796.0,1151.0,9678.0,0.0
2022-01-06 09:15:00+01:00,4783.0,11823.0,10332.0,12365.0,258.0,18.0,3567.0,153.0,1371.0,331.0,3969.0,437.0,183.0,2285.0,0.0,798.0,1001.0,8959.0,0.0
2022-01-06 09:30:00+01:00,4788.0,11873.0,10305.0,12138.0,247.0,20.0,3381.0,64.0,1373.0,289.0,3970.0,437.0,183.0,3146.0,0.0,796.0,922.0,8426.0,0.0
2022-01-06 09:45:00+01:00,4811.0,11913.0,10292.0,11899.0,259.0,21.0,3059.0,83.0,1372.0,248.0,3969.0,437.0,183.0,4133.0,0.0,805.0,874.0,8156.0,0.0
2022-01-06 10:00:00+01:00,4801.0,12023.0,10307.0,11727.0,255.0,22.0,2821.0,156.0,1373.0,151.0,3969.0,437.0,183.0,5116.0,0.0,814.0,805.0,7715.0,0.0
2022-01-06 10:15:00+01:00,4793.0,11978.0,10277.0,11723.0,247.0,21.0,2684.0,154.0,1373.0,71.0,3968.0,437.0,183.0,6058.0,0.0,820.0,736.0,7271.0,0.0
2022-01-06 10:30:00+01:00,4778.0,12005.0,10262.0,11688.0,252.0,22.0,2800.0,57.0,1372.0,89.0,3968.0,437.0,183.0,7044.0,0.0,811.0,678.0,6983.0,0.0
2022-01-06 10:45:00+01:00,4799.0,12023.0,10261.0,11690.0,272.0,22.0,2634.0,64.0,1376.0,44.0,3966.0,437.0,183.0,7935.0,0.0,815.0,658.0,6758.0,0.0
2022-01-06 11:00:00+01:00,4765.0,12038.0,10171.0,11658.0,249.0,22.0,1588.0,177.0,1378.0,59.0,3964.0,437.0,183.0,8832.0,0.0,815.0,576.0,6562.0,0.0
2022-01-06 11:15:00+01:00,4747.0,11935.0,10145.0,11706.0,249.0,22.0,1492.0,248.0,1375.0,64.0,3960.0,437.0,183.0,9459.0,0.0,813.0,557.0,6255.0,0.0
2022-01-06 11:30:00+01:00,4738.0,11903.0,10127.0,11521.0,250.0,22.0,1268.0,130.0,1375.0,68.0,3960.0,437.0,183.0,10007.0,0.0,813.0,608.0,5767.0,0.0
2022-01-06 11:45:00+01:00,4734.0,11853.0,10169.0,11596.0,248.0,22.0,974.0,210.0,1376.0,54.0,3965.0,437.0,183.0,10465.0,0.0,811.0,704.0,5295.0,0.0
2022-01-06 12:00:00+01:00,4675.0,12051.0,10085.0,11656.0,247.0,22.0,1051.0,155.0,1381.0,107.0,3969.0,437.0,183.0,10913.0,0.0,815.0,793.0,5230.0,0.0
2022-01-06 12:15:00+01:00,4663.0,11960.0,9954.0,11643.0,245.0,22.0,830.0,63.0,1385.0,46.0,3967.0,437.0,183.0,11047.0,0.0,817.0,786.0,5176.0,0.0
2022-01-06 12:30:00+01:00,4657.0,12018.0,9962.0,11661.0,247.0,22.0,614.0,94.0,1381.0,49.0,3968.0,437.0,183.0,11095.0,0.0,814.0,803.0,5035.0,0.0
2022-01-06 12:45:00+01:00,4658.0,12009.0,9937.0,11718.0,249.0,22.0,600.0,266.0,1375.0,46.0,3966.0,437.0,183.0,11031.0,0.0,812.0,999.0,4812.0,0.0
2022-01-06 13:00:00+01:00,4651.0,12103.0,9914.0,11614.0,246.0,22.0,362.0,346.0,1374.0,58.0,3990.0,437.0,183.0,10932.0,0.0,822.0,1281.0,4576.0,0.0
2022-01-06 13:15:00+01:00,4651.0,12053.0,9884.0,11571.0,249.0,22.0,390.0,358.0,1365.0,67.0,3995.0,437.0,183.0,10410.0,0.0,829.0,1358.0,4493.0,0.0
2022-01-06 13:30:00+01:00,4655.0,12103.0,9961.0,11455.0,248.0,22.0,430.0,363.0,1361.0,51.0,3995.0,437.0,183.0,9884.0,0.0,830.0,1462.0,4264.0,0.0
2022-01-06 13:45:00+01:00,4650.0,12084.0,9981.0,11399.0,249.0,22.0,546.0,437.0,1359.0,64.0,4035.0,437.0,183.0,9241.0,0.0,837.0,1572.0,4294.0,0.0
2022-01-06 14:00:00+01:00,4641.0,12092.0,10062.0,11320.0,247.0,22.0,1123.0,259.0,1359.0,97.0,4076.0,437.0,183.0,8356.0,0.0,848.0,1697.0,4127.0,0.0
2022-01-06 14:15:00+01:00,4640.0,12021.0,10180.0,11623.0,247.0,22.0,1564.0,203.0,1359.0,121.0,4098.0,436.0,183.0,7485.0,0.0,838.0,1790.0,3731.0,0.0
2022-01-06 14:30:00+01:00,4641.0,12041.0,10265.0,11684.0,245.0,22.0,1914.0,252.0,1359.0,87.0,4097.0,437.0,184.0,6436.0,0.0,845.0,1814.0,3728.0,0.0
2022-01-06 14:45:00+01:00,4649.0,12198.0,10280.0,11802.0,247.0,22.0,2251.0,269.0,1358.0,61.0,4099.0,437.0,184.0,5360.0,0.0,854.0,1689.0,3556.0,0.0
2022-01-06 15:00:00+01:00,4667.0,12290.0,10276.0,11831.0,247.0,23.0,2077.0,408.0,1358.0,74.0,4099.0,437.0,184.0,4259.0,0.0,866.0,2044.0,3543.0,0.0
2022-01-06 15:15:00+01:00,4681.0,12364.0,10302.0,11827.0,248.0,22.0,2488.0,266.0,1357.0,102.0,4097.0,437.0,184.0,3142.0,0.0,866.0,2283.0,3563.0,0.0
2022-01-06 15:30:00+01:00,4693.0,12372.0,10345.0,11859.0,247.0,22.0,2843.0,168.0,1355.0,134.0,4097.0,437.0,184.0,2034.0,0.0,865.0,2130.0,3588.0,0.0
2022-01-06 15:45:00+01:00,4722.0,12379.0,10406.0,11867.0,248.0,22.0,3090.0,77.0,1356.0,97.0,4098.0,437.0,184.0,1125.0,0.0,873.0,2015.0,3949.0,0.0
2022-01-06 16:00:00+01:00,4774.0,12398.0,10427.0,11888.0,247.0,22.0,2646.0,213.0,1352.0,42.0,4096.0,437.0,184.0,484.0,0.0,883.0,2189.0,4377.0,0.0
2022-01-06 16:15:00+01:00,4794.0,12482.0,10374.0,11909.0,247.0,23.0,2692.0,250.0,1350.0,41.0,4097.0,437.0,184.0,151.0,0.0,894.0,2720.0,4855.0,0.0
2022-01-06 16:30:00+01:00,4797.0,12515.0,10426.0,11915.0,247.0,24.0,2648.0,180.0,1346.0,40.0,4096.0,437.0,184.0,25.0,0.0,888.0,3010.0,5386.0,0.0
2022-01-06 16:45:00+01:00,4807.0,12535.0,10433.0,11906.0,247.0,25.0,3232.0,80.0,1345.0,98.0,4097.0,437.0,183.0,4.0,0.0,878.0,3305.0,5977.0,0.0
2022-01-06 17:00:00+01:00,4832.0,12629.0,10445.0,11847.0,247.0,25.0,3281.0,3.0,1345.0,61.0,4098.0,437.0,183.0,3.0,0.0,876.0,3841.0,6569.0,0.0
2022-01-06 17:15:00+01:00,4837.0,12668.0,10476.0,11799.0,247.0,26.0,3396.0,3.0,1349.0,59.0,4097.0,437.0,184.0,3.0,0.0,879.0,4262.0,7228.0,0.0
2022-01-06 17:30:00+01:00,4822.0,12654.0,10421.0,11764.0,248.0,26.0,2866.0,41.0,1348.0,59.0,4098.0,437.0,184.0,3.0,0.0,890.0,4572.0,7905.0,0.0
2022-01-06 17:45:00+01:00,4839.0,12587.0,10386.0,11772.0,249.0,26.0,2280.0,48.0,1347.0,61.0,4097.0,437.0,183.0,3.0,0.0,890.0,4656.0,8584.0,0.0
2022-01-06 18:00:00+01:00,4836.0,12607.0,10396.0,11681.0,249.0,26.0,3285.0,50.0,1348.0,77.0,4096.0,437.0,183.0,3.0,0.0,869.0,4477.0,9444.0,0.0
2022-01-06 18:15:00+01:00,4836.0,12693.0,10228.0,11612.0,247.0,26.0,2890.0,82.0,1347.0,84.0,4094.0,437.0,183.0,3.0,0.0,861.0,4754.0,10143.0,0.0
2022-01-06 18:30:00+01:00,4823.0,12662.0,10107.0,11597.0,249.0,27.0,2402.0,189.0,1345.0,45.0,4095.0,437.0,183.0,3.0,0.0,851.0,4880.0,10869.0,0.0
2022-01-06 18:45:00+01:00,4820.0,12671.0,10136.0,11542.0,249.0,27.0,1617.0,392.0,1349.0,81.0,4094.0,437.0,183.0,2.0,0.0,840.0,5018.0,11450.0,0.0
2022-01-06 19:00:00+01:00,4801.0,12738.0,10229.0,11291.0,249.0,27.0,1743.0,219.0,1354.0,158.0,4095.0,437.0,183.0,2.0,0.0,831.0,5176.0,12104.0,0.0
2022-01-06 19:15:00+01:00,4776.0,12719.0,9943.0,11144.0,249.0,27.0,900.0,357.0,1359.0,112.0,4095.0,437.0,183.0,2.0,0.0,833.0,5534.0,12703.0,0.0
2022-01-06 19:30:00+01:00,4769.0,12717.0,9884.0,11004.0,250.0,27.0,523.0,907.0,1359.0,109.0,4094.0,437.0,184.0,2.0,0.0,837.0,5860.0,13230.0,0.0
2022-01-06 19:45:00+01:00,4755.0,12732.0,9893.0,10859.0,249.0,27.0,317.0,1675.0,1361.0,75.0,4093.0,437.0,184.0,2.0,0.0,841.0,6028.0,13864.0,0.0
2022-01-06 20:00:00+01:00,4670.0,12777.0,9479.0,10612.0,247.0,27.0,430.0,747.0,1366.0,122.0,4098.0,438.0,184.0,2.0,0.0,834.0,6227.0,14294.0,0.0
2022-01-06 20:15:00+01:00,4647.0,12700.0,9090.0,10548.0,247.0,27.0,507.0,942.0,1361.0,79.0,4094.0,440.0,185.0,2.0,0.0,831.0,6482.0,14819.0,0.0
2022-01-06 20:30:00+01:00,4651.0,12621.0,8654.0,10227.0,247.0,27.0,356.0,1483.0,1359.0,66.0,4095.0,440.0,185.0,2.0,0.0,824.0,6538.0,15196.0,0.0
2022-01-06 20:45:00+01:00,4660.0,12654.0,8413.0,9722.0,249.0,27.0,143.0,1762.0,1361.0,76.0,4095.0,440.0,185.0,3.0,0.0,828.0,6552.0,15598.0,0.0
2022-01-06 21:00:00+01:00,4633.0,12763.0,7879.0,9223.0,246.0,27.0,783.0,666.0,1362.0,96.0,4097.0,440.0,185.0,3.0,0.0,820.0,6545.0,16005.0,0.0
2022-01-06 21:15:00+01:00,4632.0,12754.0,7647.0,9077.0,248.0,27.0,344.0,691.0,1356.0,67.0,4096.0,440.0,185.0,2.0,0.0,810.0,6300.0,16569.0,0.0
2022-01-06 21:30:00+01:00,4640.0,12734.0,7307.0,9005.0,248.0,27.0,229.0,729.0,1355.0,88.0,4096.0,440.0,185.0,2.0,0.0,813.0,6091.0,16795.0,0.0
2022-01-06 21:45:00+01:00,4644.0,12713.0,7107.0,8986.0,249.0,27.0,136.0,1517.0,1354.0,46.0,4095.0,440.0,185.0,2.0,0.0,811.0,6073.0,17068.0,0.0
2022-01-06 22:00:00+01:00,4610.0,12738.0,6921.0,8906.0,248.0,28.0,1040.0,1358.0,1354.0,92.0,4099.0,435.0,182.0,2.0,0.0,814.0,6111.0,16777.0,0.0
2022-01-06 22:15:00+01:00,4600.0,12676.0,6758.0,8958.0,248.0,28.0,800.0,1675.0,1353.0,37.0,4098.0,432.0,181.0,2.0,0.0,813.0,6045.0,17259.0,0.0
2022-01-06 22:30:00+01:00,4575.0,12712.0,6712.0,9134.0,250.0,28.0,457.0,2523.0,1351.0,42.0,4099.0,430.0,180.0,2.0,0.0,817.0,5981.0,17417.0,0.0
2022-01-06 22:45:00+01:00,4563.0,12694.0,6731.0,9121.0,249.0,28.0,426.0,3181.0,1348.0,36.0,4099.0,430.0,180.0,3.0,0.0,817.0,6030.0,17442.0,0.0
2022-01-06 23:00:00+01:00,4561.0,12706.0,6265.0,8907.0,250.0,28.0,373.0,2656.0,1350.0,39.0,4102.0,430.0,180.0,2.0,0.0,815.0,6044.0,17746.0,0.0
2022-01-06 23:15:00+01:00,4551.0,12629.0,6241.0,8785.0,250.0,28.0,166.0,3326.0,1351.0,27.0,4098.0,430.0,180.0,3.0,0.0,810.0,6013.0,18160.0,0.0
2022-01-06 23:30:00+01:00,4545.0,12675.0,6221.0,8594.0,251.0,28.0,198.0,3835.0,1356.0,25.0,4098.0,430.0,180.0,2.0,0.0,813.0,5981.0,18402.0,0.0
2022-01-06 23:45:00+01:00,4573.0,12694.0,6121.0,8403.0,251.0,29.0,209.0,4349.0,1357.0,29.0,4093.0,423.0,177.0,2.0,0.0,809.0,6070.0,18435.0,0.0
