,Forecasted Load,Actual Load
2022-01-01 00:00:00+01:00,42904.0,45093.0
2022-01-01 00:15:00+01:00,42533.0,44673.0
2022-01-01 00:30:00+01:00,42126.0,44158.0
2022-01-01 00:45:00+01:00,41678.0,43481.0
2022-01-01 01:00:00+01:00,41113.0,42621.0
2022-01-01 01:15:00+01:00,40520.0,42230.0
2022-01-01 01:30:00+01:00,40138.0,41562.0
2022-01-01 01:45:00+01:00,39905.0,41418.0
2022-01-01 02:00:00+01:00,39544.0,41591.0
2022-01-01 02:15:00+01:00,39343.0,41044.0
2022-01-01 02:30:00+01:00,38806.0,40568.0
2022-01-01 02:45:00+01:00,38690.0,40349.0
2022-01-01 03:00:00+01:00,38320.0,40072.0
2022-01-01 03:15:00+01:00,38110.0,39962.0
2022-01-01 03:30:00+01:00,38034.0,39946.0
2022-01-01 03:45:00+01:00,37802.0,39876.0
2022-01-01 04:00:00+01:00,38195.0,39844.0
2022-01-01 04:15:00+01:00,38202.0,39674.0
2022-01-01 04:30:00+01:00,38238.0,39881.0
2022-01-01 04:45:00+01:00,38118.0,39535.0
2022-01-01 05:00:00+01:00,37764.0,39509.0
2022-01-01 05:15:00+01:00,37506.0,39322.0
2022-01-01 05:30:00+01:00,37269.0,39196.0
2022-01-01 05:45:00+01:00,36829.0,38865.0
2022-01-01 06:00:00+01:00,35745.0,38755.0
2022-01-01 06:15:00+01:00,36038.0,38786.0
2022-01-01 06:30:00+01:00,35829.0,38796.0
2022-01-01 06:45:00+01:00,36052.0,38911.0
2022-01-01 07:00:00+01:00,36279.0,39375.0
2022-01-01 07:15:00+01:00,37018.0,39309.0
2022-01-01 07:30:00+01:00,37514.0,39534.0
2022-01-01 07:45:00+01:00,38098.0,39724.0
2022-01-01 08:00:00+01:00,38999.0,40391.0
2022-01-01 08:15:00+01:00,39384.0,40687.0
2022-01-01 08:30:00+01:00,39997.0,40744.0
2022-01-01 08:45:00+01:00,40814.0,41023.0
2022-01-01 09:00:00+01:00,41542.0,42184.0
2022-01-01 09:15:00+01:00,42285.0,42741.0
2022-01-01 09:30:00+01:00,43097.0,43257.0
2022-01-01 09:45:00+01:00,43802.0,43543.0
2022-01-01 10:00:00+01:00,44357.0,44020.0
2022-01-01 10:15:00+01:00,44822.0,44578.0
2022-01-01 10:30:00+01:00,45237.0,45061.0
2022-01-01 10:45:00+01:00,46141.0,45640.0
2022-01-01 11:00:00+01:00,46961.0,46342.0
2022-01-01 11:15:00+01:00,47745.0,47077.0
2022-01-01 11:30:00+01:00,48702.0,47689.0
2022-01-01 11:45:00+01:00,48665.0,47699.0
2022-01-01 12:00:00+01:00,49010.0,47772.0
2022-01-01 12:15:00+01:00,49061.0,47826.0
2022-01-01 12:30:00+01:00,48875.0,48213.0
2022-01-01 12:45:00+01:00,48918.0,47389.0
2022-01-01 13:00:00+01:00,48290.0,47043.0
2022-01-01 13:15:00+01:00,47719.0,46729.0
2022-01-01 13:30:00+01:00,47476.0,46853.0
2022-01-01 13:45:00+01:00,47235.0,46849.0
2022-01-01 14:00:00+01:00,46855.0,46382.0
2022-01-01 14:15:00+01:00,46450.0,46153.0
2022-01-01 14:30:00+01:00,46311.0,46116.0
2022-01-01 14:45:00+01:00,46052.0,46121.0
2022-01-01 15:00:00+01:00,46208.0,46188.0
2022-01-01 15:15:00+01:00,46116.0,45988.0
2022-01-01 15:30:00+01:00,46100.0,46064.0
2022-01-01 15:45:00+01:00,46808.0,46328.0
2022-01-01 16:00:00+01:00,46855.0,47045.0
2022-01-01 16:15:00+01:00,47423.0,47704.0
2022-01-01 16:30:00+01:00,48582.0,48764.0
2022-01-01 16:45:00+01:00,49761.0,49969.0
2022-01-01 17:00:00+01:00,50571.0,51194.0
2022-01-01 17:15:00+01:00,51203.0,51895.0
2022-01-01 17:30:00+01:00,51583.0,52570.0
2022-01-01 17:45:00+01:00,51844.0,52833.0
2022-01-01 18:00:00+01:00,52208.0,53120.0
2022-01-01 18:15:00+01:00,52401.0,53307.0
2022-01-01 18:30:00+01:00,52454.0,53097.0
2022-01-01 18:45:00+01:00,52027.0,52922.0
2022-01-01 19:00:00+01:00,51792.0,52651.0
2022-01-01 19:15:00+01:00,50851.0,52393.0
2022-01-01 19:30:00+01:00,50997.0,52047.0
2022-01-01 19:45:00+01:00,50277.0,51428.0
2022-01-01 20:00:00+01:00,49592.0,51081.0
2022-01-01 20:15:00+01:00,49080.0,50457.0
2022-01-01 20:30:00+01:00,48589.0,49833.0
2022-01-01 20:45:00+01:00,47926.0,49324.0
2022-01-01 21:00:00+01:00,47655.0,48978.0
2022-01-01 21:15:00+01:00,47586.0,48463.0
2022-01-01 21:30:00+01:00,47535.0,48445.0
2022-01-01 21:45:00+01:00,47313.0,48209.0
2022-01-01 22:00:00+01:00,47587.0,48571.0
2022-01-01 22:15:00+01:00,47261.0,48276.0
2022-01-01 22:30:00+01:00,46863.0,47776.0
2022-01-01 22:45:00+01:00,46325.0,47193.0
2022-01-01 23:00:00+01:00,45709.0,46331.0
2022-01-01 23:15:00+01:00,45085.0,45719.0
2022-01-01 23:30:00+01:00,44185.0,45115.0
2022-01-01 23:45:00+01:00,43407.0,44132.0
2022-01-02 00:00:00+01:00,46070.0,43332.0
2022-01-02 00:15:00+01:00,45834.0,43119.0
2022-01-02 00:30:00+01:00,45392.0,43260.0
2022-01-02 00:45:00+01:00,45067.0,42680.0
2022-01-02 01:00:00+01:00,44894.0,42634.0
2022-01-02 01:15:00+01:00,44486.0,41874.0
2022-01-02 01:30:00+01:00,44383.0,41473.0
2022-01-02 01:45:00+01:00,44218.0,41594.0
2022-01-02 02:00:00+01:00,44160.0,41492.0
2022-01-02 02:15:00+01:00,44224.0,41185.0
2022-01-02 02:30:00+01:00,44041.0,41083.0
2022-01-02 02:45:00+01:00,44071.0,40900.0
2022-01-02 03:00:00+01:00,43955.0,40822.0
2022-01-02 03:15:00+01:00,43946.0,40848.0
2022-01-02 03:30:00+01:00,43926.0,40962.0
2022-01-02 03:45:00+01:00,44064.0,41102.0
2022-01-02 04:00:00+01:00,44364.0,41308.0
2022-01-02 04:15:00+01:00,44571.0,40873.0
2022-01-02 04:30:00+01:00,44712.0,41106.0
2022-01-02 04:45:00+01:00,44705.0,41155.0
2022-01-02 05:00:00+01:00,44541.0,41348.0
2022-01-02 05:15:00+01:00,44343.0,41013.0
2022-01-02 05:30:00+01:00,44323.0,41113.0
2022-01-02 05:45:00+01:00,44464.0,41133.0
2022-01-02 06:00:00+01:00,43973.0,40715.0
2022-01-02 06:15:00+01:00,44072.0,40633.0
2022-01-02 06:30:00+01:00,44031.0,40775.0
2022-01-02 06:45:00+01:00,44178.0,41139.0
2022-01-02 07:00:00+01:00,44016.0,41726.0
2022-01-02 07:15:00+01:00,44493.0,42322.0
2022-01-02 07:30:00+01:00,45153.0,42993.0
2022-01-02 07:45:00+01:00,45729.0,43700.0
2022-01-02 08:00:00+01:00,46315.0,44645.0
2022-01-02 08:15:00+01:00,46862.0,45426.0
2022-01-02 08:30:00+01:00,47787.0,46322.0
2022-01-02 08:45:00+01:00,48809.0,47074.0
2022-01-02 09:00:00+01:00,49792.0,48180.0
2022-01-02 09:15:00+01:00,50846.0,48677.0
2022-01-02 09:30:00+01:00,51338.0,48947.0
2022-01-02 09:45:00+01:00,51929.0,49425.0
2022-01-02 10:00:00+01:00,52541.0,50325.0
2022-01-02 10:15:00+01:00,53142.0,50517.0
2022-01-02 10:30:00+01:00,53525.0,51402.0
2022-01-02 10:45:00+01:00,53963.0,52054.0
2022-01-02 11:00:00+01:00,54798.0,53047.0
2022-01-02 11:15:00+01:00,55441.0,54158.0
2022-01-02 11:30:00+01:00,55855.0,54663.0
2022-01-02 11:45:00+01:00,55779.0,54772.0
2022-01-02 12:00:00+01:00,55953.0,55291.0
2022-01-02 12:15:00+01:00,55736.0,55182.0
2022-01-02 12:30:00+01:00,55422.0,55053.0
2022-01-02 12:45:00+01:00,55283.0,54753.0
2022-01-02 13:00:00+01:00,55203.0,54227.0
2022-01-02 13:15:00+01:00,54840.0,53851.0
2022-01-02 13:30:00+01:00,54506.0,53551.0
2022-01-02 13:45:00+01:00,54237.0,53757.0
2022-01-02 14:00:00+01:00,54099.0,53492.0
2022-01-02 14:15:00+01:00,53821.0,53264.0
2022-01-02 14:30:00+01:00,53634.0,53001.0
2022-01-02 14:45:00+01:00,53224.0,53008.0
2022-01-02 15:00:00+01:00,53282.0,53593.0
2022-01-02 15:15:00+01:00,53033.0,53574.0
2022-01-02 15:30:00+01:00,52869.0,53803.0
2022-01-02 15:45:00+01:00,53111.0,53976.0
2022-01-02 16:00:00+01:00,53319.0,55038.0
2022-01-02 16:15:00+01:00,53740.0,55576.0
2022-01-02 16:30:00+01:00,54672.0,56136.0
2022-01-02 16:45:00+01:00,55704.0,57393.0
2022-01-02 17:00:00+01:00,56722.0,58502.0
2022-01-02 17:15:00+01:00,57070.0,59009.0
2022-01-02 17:30:00+01:00,57494.0,59458.0
2022-01-02 17:45:00+01:00,57761.0,59567.0
2022-01-02 18:00:00+01:00,58172.0,59349.0
2022-01-02 18:15:00+01:00,58371.0,59342.0
2022-01-02 18:30:00+01:00,58506.0,59461.0
2022-01-02 18:45:00+01:00,58323.0,59112.0
2022-01-02 19:00:00+01:00,58390.0,58590.0
2022-01-02 19:15:00+01:00,58128.0,58175.0
2022-01-02 19:30:00+01:00,57680.0,57805.0
2022-01-02 19:45:00+01:00,57202.0,57038.0
2022-01-02 20:00:00+01:00,56942.0,56386.0
2022-01-02 20:15:00+01:00,56448.0,55682.0
2022-01-02 20:30:00+01:00,55600.0,54946.0
2022-01-02 20:45:00+01:00,55025.0,54239.0
2022-01-02 21:00:00+01:00,54649.0,53619.0
2022-01-02 21:15:00+01:00,54370.0,53194.0
2022-01-02 21:30:00+01:00,54064.0,52733.0
2022-01-02 21:45:00+01:00,54004.0,52295.0
2022-01-02 22:00:00+01:00,54588.0,52509.0
2022-01-02 22:15:00+01:00,54202.0,51988.0
2022-01-02 22:30:00+01:00,53563.0,51128.0
2022-01-02 22:45:00+01:00,52837.0,50077.0
2022-01-02 23:00:00+01:00,51882.0,49469.0
2022-01-02 23:15:00+01:00,51423.0,48527.0
2022-01-02 23:30:00+01:00,50767.0,48044.0
2022-01-02 23:45:00+01:00,50351.0,47298.0
2022-01-03 00:00:00+01:00,49917.0,46396.0
2022-01-03 00:15:00+01:00,49309.0,46081.0
2022-01-03 00:30:00+01:00,48825.0,45714.0
2022-01-03 00:45:00+01:00,48264.0,45070.0
2022-01-03 01:00:00+01:00,47919.0,44693.0
2022-01-03 01:15:00+01:00,47504.0,44133.0
2022-01-03 01:30:00+01:00,47177.0,43986.0
2022-01-03 01:45:00+01:00,46900.0,43416.0
2022-01-03 02:00:00+01:00,46771.0,43104.0
2022-01-03 02:15:00+01:00,46839.0,42852.0
2022-01-03 02:30:00+01:00,46729.0,43012.0
2022-01-03 02:45:00+01:00,46743.0,42957.0
2022-01-03 03:00:00+01:00,46860.0,43357.0
2022-01-03 03:15:00+01:00,47001.0,43251.0
2022-01-03 03:30:00+01:00,47271.0,43516.0
2022-01-03 03:45:00+01:00,47500.0,43934.0
2022-01-03 04:00:00+01:00,48123.0,44283.0
2022-01-03 04:15:00+01:00,48392.0,44504.0
2022-01-03 04:30:00+01:00,48690.0,45043.0
2022-01-03 04:45:00+01:00,49295.0,46130.0
2022-01-03 05:00:00+01:00,50318.0,47656.0
2022-01-03 05:15:00+01:00,50700.0,48289.0
2022-01-03 05:30:00+01:00,51842.0,48898.0
2022-01-03 05:45:00+01:00,53105.0,50443.0
2022-01-03 06:00:00+01:00,54867.0,53333.0
2022-01-03 06:15:00+01:00,56330.0,55044.0
2022-01-03 06:30:00+01:00,57691.0,56902.0
2022-01-03 06:45:00+01:00,58987.0,58494.0
2022-01-03 07:00:00+01:00,60645.0,60367.0
2022-01-03 07:15:00+01:00,61364.0,61642.0
2022-01-03 07:30:00+01:00,62099.0,62729.0
2022-01-03 07:45:00+01:00,62796.0,64025.0
2022-01-03 08:00:00+01:00,63814.0,64949.0
2022-01-03 08:15:00+01:00,64090.0,65551.0
2022-01-03 08:30:00+01:00,64392.0,65962.0
2022-01-03 08:45:00+01:00,64840.0,66391.0
2022-01-03 09:00:00+01:00,64757.0,66765.0
2022-01-03 09:15:00+01:00,65480.0,66912.0
2022-01-03 09:30:00+01:00,65930.0,67296.0
2022-01-03 09:45:00+01:00,65905.0,67577.0
2022-01-03 10:00:00+01:00,65576.0,68039.0
2022-01-03 10:15:00+01:00,65559.0,68599.0
2022-01-03 10:30:00+01:00,65927.0,68840.0
2022-01-03 10:45:00+01:00,66319.0,68858.0
2022-01-03 11:00:00+01:00,66833.0,69364.0
2022-01-03 11:15:00+01:00,67265.0,70118.0
2022-01-03 11:30:00+01:00,67618.0,70535.0
2022-01-03 11:45:00+01:00,67561.0,70713.0
2022-01-03 12:00:00+01:00,67682.0,70929.0
2022-01-03 12:15:00+01:00,67667.0,70837.0
2022-01-03 12:30:00+01:00,67533.0,70824.0
2022-01-03 12:45:00+01:00,67734.0,70647.0
2022-01-03 13:00:00+01:00,67457.0,70720.0
2022-01-03 13:15:00+01:00,67044.0,70200.0
2022-01-03 13:30:00+01:00,66618.0,69745.0
2022-01-03 13:45:00+01:00,66161.0,69297.0
2022-01-03 14:00:00+01:00,65893.0,69008.0
2022-01-03 14:15:00+01:00,65811.0,68996.0
2022-01-03 14:30:00+01:00,65508.0,68892.0
2022-01-03 14:45:00+01:00,65038.0,68925.0
2022-01-03 15:00:00+01:00,65071.0,68605.0
2022-01-03 15:15:00+01:00,64873.0,68153.0
2022-01-03 15:30:00+01:00,64518.0,67743.0
2022-01-03 15:45:00+01:00,64557.0,67486.0
2022-01-03 16:00:00+01:00,64940.0,67956.0
2022-01-03 16:15:00+01:00,65289.0,68194.0
2022-01-03 16:30:00+01:00,65865.0,68924.0
2022-01-03 16:45:00+01:00,66580.0,69670.0
2022-01-03 17:00:00+01:00,67371.0,70425.0
2022-01-03 17:15:00+01:00,67652.0,70998.0
2022-01-03 17:30:00+01:00,67782.0,71318.0
2022-01-03 17:45:00+01:00,67750.0,71627.0
2022-01-03 18:00:00+01:00,67721.0,71246.0
2022-01-03 18:15:00+01:00,67601.0,71069.0
2022-01-03 18:30:00+01:00,67435.0,70833.0
2022-01-03 18:45:00+01:00,67465.0,70257.0
2022-01-03 19:00:00+01:00,67433.0,69915.0
2022-01-03 19:15:00+01:00,66966.0,69132.0
2022-01-03 19:30:00+01:00,66568.0,68442.0
2022-01-03 19:45:00+01:00,66241.0,67842.0
2022-01-03 20:00:00+01:00,65582.0,66621.0
2022-01-03 20:15:00+01:00,65105.0,65275.0
2022-01-03 20:30:00+01:00,64105.0,64056.0
2022-01-03 20:45:00+01:00,63327.0,63018.0
2022-01-03 21:00:00+01:00,63188.0,62115.0
2022-01-03 21:15:00+01:00,62721.0,61292.0
2022-01-03 21:30:00+01:00,61943.0,60324.0
2022-01-03 21:45:00+01:00,61306.0,59889.0
2022-01-03 22:00:00+01:00,61180.0,59690.0
2022-01-03 22:15:00+01:00,60464.0,58649.0
2022-01-03 22:30:00+01:00,59351.0,57452.0
2022-01-03 22:45:00+01:00,58538.0,56416.0
2022-01-03 23:00:00+01:00,57336.0,55454.0
2022-01-03 23:15:00+01:00,56516.0,54649.0
2022-01-03 23:30:00+01:00,55789.0,53844.0
2022-01-03 23:45:00+01:00,55395.0,53130.0
2022-01-04 00:00:00+01:00,54698.0,52094.0
2022-01-04 00:15:00+01:00,54039.0,51584.0
2022-01-04 00:30:00+01:00,53562.0,50902.0
2022-01-04 00:45:00+01:00,52811.0,50184.0
2022-01-04 01:00:00+01:00,52209.0,49388.0
2022-01-04 01:15:00+01:00,51877.0,48955.0
2022-01-04 01:30:00+01:00,51632.0,48749.0
2022-01-04 01:45:00+01:00,51352.0,48562.0
2022-01-04 02:00:00+01:00,51089.0,48099.0
2022-01-04 02:15:00+01:00,51128.0,48147.0
2022-01-04 02:30:00+01:00,51045.0,48087.0
2022-01-04 02:45:00+01:00,50983.0,48095.0
2022-01-04 03:00:00+01:00,50908.0,48445.0
2022-01-04 03:15:00+01:00,51162.0,48467.0
2022-01-04 03:30:00+01:00,51352.0,48542.0
2022-01-04 03:45:00+01:00,51492.0,48853.0
2022-01-04 04:00:00+01:00,51948.0,49149.0
2022-01-04 04:15:00+01:00,52173.0,49538.0
2022-01-04 04:30:00+01:00,52426.0,50173.0
2022-01-04 04:45:00+01:00,52994.0,50686.0
2022-01-04 05:00:00+01:00,53811.0,51437.0
2022-01-04 05:15:00+01:00,54379.0,52048.0
2022-01-04 05:30:00+01:00,55279.0,52931.0
2022-01-04 05:45:00+01:00,56296.0,54179.0
2022-01-04 06:00:00+01:00,57763.0,56455.0
2022-01-04 06:15:00+01:00,59055.0,57794.0
2022-01-04 06:30:00+01:00,60092.0,58720.0
2022-01-04 06:45:00+01:00,61046.0,59947.0
2022-01-04 07:00:00+01:00,62352.0,61713.0
2022-01-04 07:15:00+01:00,63370.0,62574.0
2022-01-04 07:30:00+01:00,64352.0,63699.0
2022-01-04 07:45:00+01:00,65046.0,64940.0
2022-01-04 08:00:00+01:00,66174.0,66006.0
2022-01-04 08:15:00+01:00,66659.0,66767.0
2022-01-04 08:30:00+01:00,67033.0,67030.0
2022-01-04 08:45:00+01:00,67522.0,67263.0
2022-01-04 09:00:00+01:00,67506.0,67688.0
2022-01-04 09:15:00+01:00,68039.0,68050.0
2022-01-04 09:30:00+01:00,68566.0,68284.0
2022-01-04 09:45:00+01:00,68538.0,68603.0
2022-01-04 10:00:00+01:00,68147.0,68499.0
2022-01-04 10:15:00+01:00,68300.0,68879.0
2022-01-04 10:30:00+01:00,68430.0,69018.0
2022-01-04 10:45:00+01:00,68816.0,69475.0
2022-01-04 11:00:00+01:00,68969.0,69539.0
2022-01-04 11:15:00+01:00,69367.0,70069.0
2022-01-04 11:30:00+01:00,69771.0,70462.0
2022-01-04 11:45:00+01:00,69900.0,70749.0
2022-01-04 12:00:00+01:00,69946.0,70840.0
2022-01-04 12:15:00+01:00,69733.0,70645.0
2022-01-04 12:30:00+01:00,69812.0,70441.0
2022-01-04 12:45:00+01:00,69850.0,70100.0
2022-01-04 13:00:00+01:00,69694.0,70114.0
2022-01-04 13:15:00+01:00,69141.0,69515.0
2022-01-04 13:30:00+01:00,68600.0,69199.0
2022-01-04 13:45:00+01:00,68190.0,68872.0
2022-01-04 14:00:00+01:00,68010.0,69003.0
2022-01-04 14:15:00+01:00,67882.0,68766.0
2022-01-04 14:30:00+01:00,67572.0,68860.0
2022-01-04 14:45:00+01:00,67180.0,68732.0
2022-01-04 15:00:00+01:00,67034.0,68499.0
2022-01-04 15:15:00+01:00,66737.0,68483.0
2022-01-04 15:30:00+01:00,66386.0,68494.0
2022-01-04 15:45:00+01:00,66329.0,68747.0
2022-01-04 16:00:00+01:00,66608.0,69009.0
2022-01-04 16:15:00+01:00,66895.0,69209.0
2022-01-04 16:30:00+01:00,67472.0,69364.0
2022-01-04 16:45:00+01:00,68180.0,69897.0
2022-01-04 17:00:00+01:00,68895.0,70100.0
2022-01-04 17:15:00+01:00,69342.0,70726.0
2022-01-04 17:30:00+01:00,69480.0,71252.0
2022-01-04 17:45:00+01:00,69529.0,71299.0
2022-01-04 18:00:00+01:00,69560.0,70762.0
2022-01-04 18:15:00+01:00,69460.0,70682.0
2022-01-04 18:30:00+01:00,69102.0,70498.0
2022-01-04 18:45:00+01:00,69170.0,70209.0
2022-01-04 19:00:00+01:00,68970.0,69996.0
2022-01-04 19:15:00+01:00,68474.0,69299.0
2022-01-04 19:30:00+01:00,67973.0,68891.0
2022-01-04 19:45:00+01:00,67567.0,68102.0
2022-01-04 20:00:00+01:00,66717.0,66909.0
2022-01-04 20:15:00+01:00,66354.0,65713.0
2022-01-04 20:30:00+01:00,65477.0,64826.0
2022-01-04 20:45:00+01:00,64581.0,63760.0
2022-01-04 21:00:00+01:00,64364.0,63348.0
2022-01-04 21:15:00+01:00,63924.0,62518.0
2022-01-04 21:30:00+01:00,63191.0,61760.0
2022-01-04 21:45:00+01:00,62565.0,60906.0
2022-01-04 22:00:00+01:00,62418.0,60457.0
2022-01-04 22:15:00+01:00,61823.0,59649.0
2022-01-04 22:30:00+01:00,60813.0,58702.0
2022-01-04 22:45:00+01:00,59922.0,57907.0
2022-01-04 23:00:00+01:00,58630.0,57133.0
2022-01-04 23:15:00+01:00,57831.0,55910.0
2022-01-04 23:30:00+01:00,57101.0,55072.0
2022-01-04 23:45:00+01:00,56572.0,54321.0
2022-01-05 00:00:00+01:00,55357.0,53754.0
2022-01-05 00:15:00+01:00,54723.0,53336.0
2022-01-05 00:30:00+01:00,54207.0,52603.0
2022-01-05 00:45:00+01:00,53692.0,52088.0
2022-01-05 01:00:00+01:00,53412.0,51804.0
2022-01-05 01:15:00+01:00,53145.0,51105.0
2022-01-05 01:30:00+01:00,52927.0,50689.0
2022-01-05 01:45:00+01:00,52925.0,50388.0
2022-01-05 02:00:00+01:00,52803.0,50063.0
2022-01-05 02:15:00+01:00,52808.0,49879.0
2022-01-05 02:30:00+01:00,52754.0,50076.0
2022-01-05 02:45:00+01:00,52746.0,50297.0
2022-01-05 03:00:00+01:00,52757.0,50690.0
2022-01-05 03:15:00+01:00,52977.0,50975.0
2022-01-05 03:30:00+01:00,53238.0,51327.0
2022-01-05 03:45:00+01:00,53368.0,51316.0
2022-01-05 04:00:00+01:00,53288.0,52097.0
2022-01-05 04:15:00+01:00,53234.0,52421.0
2022-01-05 04:30:00+01:00,53718.0,52797.0
2022-01-05 04:45:00+01:00,54216.0,53480.0
2022-01-05 05:00:00+01:00,54737.0,54645.0
2022-01-05 05:15:00+01:00,55263.0,55263.0
2022-01-05 05:30:00+01:00,55997.0,56566.0
2022-01-05 05:45:00+01:00,56858.0,57639.0
2022-01-05 06:00:00+01:00,58240.0,59744.0
2022-01-05 06:15:00+01:00,59433.0,61523.0
2022-01-05 06:30:00+01:00,60508.0,62774.0
2022-01-05 06:45:00+01:00,61457.0,63865.0
2022-01-05 07:00:00+01:00,62453.0,65820.0
2022-01-05 07:15:00+01:00,65608.0,67099.0
2022-01-05 07:30:00+01:00,66559.0,68292.0
2022-01-05 07:45:00+01:00,67567.0,69281.0
2022-01-05 08:00:00+01:00,69255.0,70382.0
2022-01-05 08:15:00+01:00,69115.0,70830.0
2022-01-05 08:30:00+01:00,69610.0,71153.0
2022-01-05 08:45:00+01:00,69965.0,71493.0
2022-01-05 09:00:00+01:00,70262.0,71977.0
2022-01-05 09:15:00+01:00,70692.0,72323.0
2022-01-05 09:30:00+01:00,71225.0,72567.0
2022-01-05 09:45:00+01:00,71502.0,72836.0
2022-01-05 10:00:00+01:00,71340.0,73018.0
2022-01-05 10:15:00+01:00,71764.0,73215.0
2022-01-05 10:30:00+01:00,72189.0,73807.0
2022-01-05 10:45:00+01:00,72651.0,74099.0
2022-01-05 11:00:00+01:00,72719.0,74876.0
2022-01-05 11:15:00+01:00,73438.0,75100.0
2022-01-05 11:30:00+01:00,73702.0,75373.0
2022-01-05 11:45:00+01:00,73721.0,75236.0
2022-01-05 12:00:00+01:00,73797.0,75163.0
2022-01-05 12:15:00+01:00,73586.0,74903.0
2022-01-05 12:30:00+01:00,73532.0,74886.0
2022-01-05 12:45:00+01:00,73317.0,74924.0
2022-01-05 13:00:00+01:00,73386.0,75224.0
2022-01-05 13:15:00+01:00,72989.0,74690.0
2022-01-05 13:30:00+01:00,72234.0,73872.0
2022-01-05 13:45:00+01:00,71730.0,73143.0
2022-01-05 14:00:00+01:00,71806.0,73068.0
2022-01-05 14:15:00+01:00,71498.0,72994.0
2022-01-05 14:30:00+01:00,71240.0,72624.0
2022-01-05 14:45:00+01:00,70853.0,72281.0
2022-01-05 15:00:00+01:00,70806.0,72293.0
2022-01-05 15:15:00+01:00,70441.0,71805.0
2022-01-05 15:30:00+01:00,69967.0,71747.0
2022-01-05 15:45:00+01:00,69706.0,71852.0
2022-01-05 16:00:00+01:00,70192.0,71965.0
2022-01-05 16:15:00+01:00,70173.0,72349.0
2022-01-05 16:30:00+01:00,70455.0,72653.0
2022-01-05 16:45:00+01:00,71162.0,73210.0
2022-01-05 17:00:00+01:00,72018.0,74058.0
2022-01-05 17:15:00+01:00,72167.0,74435.0
2022-01-05 17:30:00+01:00,72274.0,74692.0
2022-01-05 17:45:00+01:00,72237.0,75050.0
2022-01-05 18:00:00+01:00,72320.0,74463.0
2022-01-05 18:15:00+01:00,71953.0,74440.0
2022-01-05 18:30:00+01:00,71470.0,74208.0
2022-01-05 18:45:00+01:00,71155.0,73490.0
2022-01-05 19:00:00+01:00,70660.0,73081.0
2022-01-05 19:15:00+01:00,70130.0,72278.0
2022-01-05 19:30:00+01:00,69425.0,72043.0
2022-01-05 19:45:00+01:00,68914.0,71148.0
2022-01-05 20:00:00+01:00,67349.0,70020.0
2022-01-05 20:15:00+01:00,66613.0,68728.0
2022-01-05 20:30:00+01:00,65654.0,67246.0
2022-01-05 20:45:00+01:00,65152.0,66572.0
2022-01-05 21:00:00+01:00,64494.0,65872.0
2022-01-05 21:15:00+01:00,64028.0,65384.0
2022-01-05 21:30:00+01:00,63489.0,64466.0
2022-01-05 21:45:00+01:00,62752.0,63261.0
2022-01-05 22:00:00+01:00,63018.0,62808.0
2022-01-05 22:15:00+01:00,62320.0,62093.0
2022-01-05 22:30:00+01:00,61271.0,61211.0
2022-01-05 22:45:00+01:00,60512.0,60208.0
2022-01-05 23:00:00+01:00,59401.0,59507.0
2022-01-05 23:15:00+01:00,58588.0,58744.0
2022-01-05 23:30:00+01:00,57767.0,57468.0
2022-01-05 23:45:00+01:00,57144.0,56361.0
2022-01-06 00:00:00+01:00,53975.0,55876.0
2022-01-06 00:15:00+01:00,53249.0,55513.0
2022-01-06 00:30:00+01:00,52547.0,54944.0
2022-01-06 00:45:00+01:00,52211.0,54888.0
2022-01-06 01:00:00+01:00,51565.0,54705.0
2022-01-06 01:15:00+01:00,51074.0,54186.0
2022-01-06 01:30:00+01:00,50893.0,54090.0
2022-01-06 01:45:00+01:00,50497.0,53608.0
2022-01-06 02:00:00+01:00,50178.0,53180.0
2022-01-06 02:15:00+01:00,50092.0,53217.0
2022-01-06 02:30:00+01:00,49862.0,52955.0
2022-01-06 02:45:00+01:00,49927.0,52911.0
2022-01-06 03:00:00+01:00,49973.0,52554.0
2022-01-06 03:15:00+01:00,50092.0,52612.0
2022-01-06 03:30:00+01:00,50232.0,52601.0
2022-01-06 03:45:00+01:00,50251.0,52514.0
2022-01-06 04:00:00+01:00,50692.0,52631.0
2022-01-06 04:15:00+01:00,50667.0,52987.0
2022-01-06 04:30:00+01:00,50856.0,53522.0
2022-01-06 04:45:00+01:00,51176.0,53656.0
2022-01-06 05:00:00+01:00,52075.0,54244.0
2022-01-06 05:15:00+01:00,52198.0,54457.0
2022-01-06 05:30:00+01:00,52543.0,54975.0
2022-01-06 05:45:00+01:00,53476.0,55771.0
2022-01-06 06:00:00+01:00,54918.0,57044.0
2022-01-06 06:15:00+01:00,56353.0,58084.0
2022-01-06 06:30:00+01:00,57622.0,59160.0
2022-01-06 06:45:00+01:00,58543.0,59985.0
2022-01-06 07:00:00+01:00,60214.0,61346.0
2022-01-06 07:15:00+01:00,60702.0,62647.0
2022-01-06 07:30:00+01:00,61517.0,63685.0
2022-01-06 07:45:00+01:00,62080.0,64438.0
2022-01-06 08:00:00+01:00,63281.0,64924.0
2022-01-06 08:15:00+01:00,63829.0,65122.0
2022-01-06 08:30:00+01:00,64199.0,65283.0
2022-01-06 08:45:00+01:00,64261.0,65681.0
2022-01-06 09:00:00+01:00,64192.0,65849.0
2022-01-06 09:15:00+01:00,65207.0,66199.0
2022-01-06 09:30:00+01:00,65287.0,66455.0
2022-01-06 09:45:00+01:00,65629.0,66649.0
2022-01-06 10:00:00+01:00,65865.0,66606.0
2022-01-06 10:15:00+01:00,66051.0,66643.0
2022-01-06 10:30:00+01:00,66739.0,66896.0
2022-01-06 10:45:00+01:00,66925.0,66901.0
2022-01-06 11:00:00+01:00,67571.0,66892.0
2022-01-06 11:15:00+01:00,68186.0,67349.0
2022-01-06 11:30:00+01:00,68601.0,67620.0
2022-01-06 11:45:00+01:00,68384.0,67404.0
2022-01-06 12:00:00+01:00,68255.0,67127.0
2022-01-06 12:15:00+01:00,68379.0,66959.0
2022-01-06 12:30:00+01:00,68107.0,66495.0
2022-01-06 12:45:00+01:00,67866.0,66077.0
2022-01-06 13:00:00+01:00,67370.0,66028.0
2022-01-06 13:15:00+01:00,67046.0,65554.0
2022-01-06 13:30:00+01:00,66448.0,65010.0
2022-01-06 13:45:00+01:00,66009.0,64319.0
2022-01-06 14:00:00+01:00,65764.0,64136.0
2022-01-06 14:15:00+01:00,65652.0,63914.0
2022-01-06 14:30:00+01:00,65348.0,63726.0
2022-01-06 14:45:00+01:00,65134.0,63572.0
2022-01-06 15:00:00+01:00,65143.0,63471.0
2022-01-06 15:15:00+01:00,64920.0,63465.0
2022-01-06 15:30:00+01:00,64927.0,63267.0
2022-01-06 15:45:00+01:00,65093.0,63229.0
2022-01-06 16:00:00+01:00,65478.0,63632.0
2022-01-06 16:15:00+01:00,65836.0,64033.0
2022-01-06 16:30:00+01:00,66507.0,64775.0
2022-01-06 16:45:00+01:00,67192.0,65978.0
2022-01-06 17:00:00+01:00,67808.0,67411.0
2022-01-06 17:15:00+01:00,68100.0,68261.0
2022-01-06 17:30:00+01:00,68305.0,68843.0
2022-01-06 17:45:00+01:00,68377.0,69120.0
2022-01-06 18:00:00+01:00,68298.0,68922.0
2022-01-06 18:15:00+01:00,68075.0,68942.0
2022-01-06 18:30:00+01:00,67909.0,68964.0
2022-01-06 18:45:00+01:00,67813.0,68621.0
2022-01-06 19:00:00+01:00,67467.0,68260.0
2022-01-06 19:15:00+01:00,66779.0,68079.0
2022-01-06 19:30:00+01:00,66463.0,67799.0
2022-01-06 19:45:00+01:00,65739.0,67143.0
2022-01-06 20:00:00+01:00,64779.0,66511.0
2022-01-06 20:15:00+01:00,64008.0,65796.0
2022-01-06 20:30:00+01:00,63105.0,64745.0
2022-01-06 20:45:00+01:00,62529.0,64043.0
2022-01-06 21:00:00+01:00,61895.0,63488.0
2022-01-06 21:15:00+01:00,61676.0,62711.0
2022-01-06 21:30:00+01:00,61265.0,62051.0
2022-01-06 21:45:00+01:00,60710.0,61224.0
2022-01-06 22:00:00+01:00,60889.0,61437.0
2022-01-06 22:15:00+01:00,60602.0,61219.0
2022-01-06 22:30:00+01:00,59547.0,60136.0
2022-01-06 22:45:00+01:00,58824.0,59357.0
2022-01-06 23:00:00+01:00,57591.0,58734.0
2022-01-06 23:15:00+01:00,57076.0,58106.0
2022-01-06 23:30:00+01:00,56497.0,57470.0
2022-01-06 23:45:00+01:00,55763.0,56704.0
