,AT,BE,CH,CZ,DK_1,DK_2,FR,NO_2,NL,PL,SE_4,sum
2022-01-01 00:00:00+01:00,418.0,0.0,0.0,1050.0,0.0,0.0,28.0,0.0,722.0,3.0,214.0,2435.0
2022-01-01 00:15:00+01:00,528.0,0.0,0.0,,0.0,0.0,,0.0,816.0,,,1344.0
2022-01-01 00:30:00+01:00,566.0,0.0,0.0,,0.0,0.0,,0.0,789.0,,,1355.0
2022-01-01 00:45:00+01:00,635.0,0.0,0.0,,0.0,0.0,,0.0,626.0,,,1261.0
2022-01-01 01:00:00+01:00,536.0,0.0,0.0,1088.0,0.0,0.0,1.0,0.0,540.0,29.0,30.0,2224.0
2022-01-01 01:15:00+01:00,558.0,0.0,0.0,,0.0,0.0,,0.0,436.0,,,994.0
2022-01-01 01:30:00+01:00,653.0,0.0,0.0,,0.0,0.0,,0.0,380.0,,,1033.0
2022-01-01 01:45:00+01:00,697.0,0.0,0.0,,0.0,0.0,,0.0,346.0,,,1043.0
2022-01-01 02:00:00+01:00,582.0,65.0,0.0,1116.0,0.0,0.0,0.0,0.0,241.0,77.0,46.0,2127.0
2022-01-01 02:15:00+01:00,613.0,211.0,0.0,,0.0,0.0,,0.0,235.0,,,1059.0
2022-01-01 02:30:00+01:00,656.0,382.0,0.0,,0.0,0.0,,0.0,231.0,,,1269.0
2022-01-01 02:45:00+01:00,725.0,322.0,0.0,,0.0,0.0,,0.0,420.0,,,1467.0
2022-01-01 03:00:00+01:00,706.0,0.0,0.0,1208.0,0.0,0.0,0.0,0.0,820.0,254.0,473.0,3461.0
2022-01-01 03:15:00+01:00,732.0,0.0,0.0,,0.0,0.0,,0.0,825.0,,,1557.0
2022-01-01 03:30:00+01:00,728.0,0.0,0.0,,0.0,0.0,,0.0,871.0,,,1599.0
2022-01-01 03:45:00+01:00,747.0,0.0,0.0,,0.0,0.0,,0.0,881.0,,,1628.0
2022-01-01 04:00:00+01:00,733.0,201.0,0.0,1182.0,25.0,0.0,117.0,0.0,1057.0,277.0,94.0,3686.0
2022-01-01 04:15:00+01:00,730.0,258.0,0.0,,0.0,0.0,,0.0,1145.0,,,2133.0
2022-01-01 04:30:00+01:00,697.0,589.0,0.0,,0.0,0.0,,0.0,1055.0,,,2341.0
2022-01-01 04:45:00+01:00,703.0,661.0,0.0,,4.0,0.0,,0.0,1014.0,,,2382.0
2022-01-01 05:00:00+01:00,716.0,540.0,0.0,1207.0,0.0,0.0,239.0,0.0,1312.0,331.0,0.0,4345.0
2022-01-01 05:15:00+01:00,708.0,606.0,0.0,,1.0,0.0,,0.0,1257.0,,,2572.0
2022-01-01 05:30:00+01:00,705.0,525.0,0.0,,10.0,0.0,,0.0,1324.0,,,2564.0
2022-01-01 05:45:00+01:00,700.0,568.0,0.0,,0.0,0.0,,0.0,1399.0,,,2667.0
2022-01-01 06:00:00+01:00,787.0,480.0,0.0,1409.0,0.0,0.0,312.0,0.0,1330.0,346.0,0.0,4664.0
2022-01-01 06:15:00+01:00,746.0,456.0,0.0,,0.0,0.0,,0.0,1359.0,,,2561.0
2022-01-01 06:30:00+01:00,748.0,459.0,0.0,,0.0,0.0,,0.0,1302.0,,,2509.0
2022-01-01 06:45:00+01:00,794.0,546.0,0.0,,0.0,0.0,,0.0,1257.0,,,2597.0
2022-01-01 07:00:00+01:00,1018.0,586.0,0.0,1782.0,0.0,0.0,504.0,0.0,1188.0,481.0,0.0,5559.0
2022-01-01 07:15:00+01:00,965.0,604.0,0.0,,0.0,0.0,,0.0,1241.0,,,2810.0
2022-01-01 07:30:00+01:00,983.0,597.0,0.0,,0.0,0.0,,0.0,1265.0,,,2845.0
2022-01-01 07:45:00+01:00,987.0,632.0,0.0,,0.0,0.0,,0.0,1318.0,,,2937.0
2022-01-01 08:00:00+01:00,1021.0,731.0,0.0,1646.0,0.0,0.0,1147.0,0.0,1187.0,476.0,0.0,6208.0
2022-01-01 08:15:00+01:00,898.0,739.0,0.0,,0.0,0.0,,0.0,1261.0,,,2898.0
2022-01-01 08:30:00+01:00,987.0,750.0,0.0,,0.0,0.0,,0.0,1449.0,,,3186.0
2022-01-01 08:45:00+01:00,906.0,706.0,0.0,,0.0,0.0,,0.0,1642.0,,,3254.0
2022-01-01 09:00:00+01:00,939.0,570.0,0.0,1521.0,0.0,0.0,1579.0,0.0,1844.0,424.0,0.0,6877.0
2022-01-01 09:15:00+01:00,895.0,536.0,0.0,,0.0,0.0,,0.0,1910.0,,,3341.0
2022-01-01 09:30:00+01:00,813.0,531.0,0.0,,0.0,0.0,,0.0,1974.0,,,3318.0
2022-01-01 09:45:00+01:00,823.0,576.0,0.0,,0.0,0.0,,0.0,1963.0,,,3362.0
2022-01-01 10:00:00+01:00,784.0,1033.0,0.0,1044.0,0.0,15.0,2112.0,0.0,1734.0,11.0,0.0,6733.0
2022-01-01 10:15:00+01:00,743.0,1105.0,0.0,,0.0,78.0,,0.0,1874.0,,,3800.0
2022-01-01 10:30:00+01:00,674.0,1098.0,0.0,,0.0,78.0,,0.0,1910.0,,,3760.0
2022-01-01 10:45:00+01:00,624.0,1112.0,0.0,,0.0,49.0,,0.0,2028.0,,,3813.0
2022-01-01 11:00:00+01:00,760.0,1121.0,0.0,904.0,0.0,0.0,2681.0,0.0,2158.0,4.0,0.0,7628.0
2022-01-01 11:15:00+01:00,673.0,1128.0,0.0,,0.0,0.0,,0.0,2409.0,,,4210.0
2022-01-01 11:30:00+01:00,626.0,1146.0,0.0,,0.0,0.0,,0.0,2531.0,,,4303.0
2022-01-01 11:45:00+01:00,535.0,1123.0,0.0,,0.0,0.0,,0.0,2313.0,,,3971.0
2022-01-01 12:00:00+01:00,535.0,1064.0,0.0,975.0,0.0,0.0,2122.0,0.0,1921.0,130.0,0.0,6747.0
2022-01-01 12:15:00+01:00,517.0,1053.0,0.0,,0.0,0.0,,0.0,1964.0,,,3534.0
2022-01-01 12:30:00+01:00,559.0,1045.0,0.0,,0.0,0.0,,0.0,2010.0,,,3614.0
2022-01-01 12:45:00+01:00,607.0,1041.0,0.0,,0.0,0.0,,0.0,2030.0,,,3678.0
2022-01-01 13:00:00+01:00,632.0,1018.0,0.0,858.0,0.0,0.0,2302.0,0.0,2259.0,55.0,0.0,7124.0
2022-01-01 13:15:00+01:00,776.0,1034.0,0.0,,0.0,0.0,,0.0,2299.0,,,4109.0
2022-01-01 13:30:00+01:00,687.0,1027.0,0.0,,0.0,0.0,,0.0,2458.0,,,4172.0
2022-01-01 13:45:00+01:00,600.0,1043.0,0.0,,0.0,0.0,,0.0,2495.0,,,4138.0
2022-01-01 14:00:00+01:00,569.0,999.0,0.0,695.0,0.0,0.0,2872.0,0.0,2306.0,1.0,0.0,7442.0
2022-01-01 14:15:00+01:00,557.0,986.0,0.0,,0.0,0.0,,0.0,2211.0,,,3754.0
2022-01-01 14:30:00+01:00,507.0,993.0,0.0,,2.0,0.0,,0.0,2278.0,,,3780.0
2022-01-01 14:45:00+01:00,469.0,1006.0,0.0,,1.0,0.0,,0.0,2253.0,,,3729.0
2022-01-01 15:00:00+01:00,481.0,1126.0,0.0,598.0,4.0,0.0,3443.0,0.0,1937.0,0.0,0.0,7589.0
2022-01-01 15:15:00+01:00,481.0,1132.0,0.0,,59.0,0.0,,0.0,1835.0,,,3507.0
2022-01-01 15:30:00+01:00,452.0,1134.0,0.0,,73.0,0.0,,0.0,1844.0,,,3503.0
2022-01-01 15:45:00+01:00,446.0,1123.0,0.0,,249.0,0.0,,0.0,1779.0,,,3597.0
2022-01-01 16:00:00+01:00,479.0,1101.0,0.0,662.0,589.0,0.0,3295.0,0.0,1473.0,0.0,0.0,7599.0
2022-01-01 16:15:00+01:00,438.0,1077.0,0.0,,670.0,0.0,,0.0,1398.0,,,3583.0
2022-01-01 16:30:00+01:00,453.0,1084.0,0.0,,709.0,0.0,,0.0,1455.0,,,3701.0
2022-01-01 16:45:00+01:00,483.0,1048.0,0.0,,603.0,0.0,,0.0,1505.0,,,3639.0
2022-01-01 17:00:00+01:00,503.0,832.0,0.0,841.0,458.0,0.0,2782.0,0.0,1605.0,0.0,0.0,7021.0
2022-01-01 17:15:00+01:00,516.0,781.0,0.0,,504.0,0.0,,0.0,1479.0,,,3280.0
2022-01-01 17:30:00+01:00,513.0,779.0,0.0,,594.0,0.0,,0.0,1468.0,,,3354.0
2022-01-01 17:45:00+01:00,508.0,705.0,0.0,,456.0,0.0,,0.0,1415.0,,,3084.0
2022-01-01 18:00:00+01:00,444.0,329.0,0.0,835.0,493.0,0.0,1861.0,0.0,1030.0,0.0,0.0,4992.0
2022-01-01 18:15:00+01:00,464.0,284.0,0.0,,378.0,0.0,,0.0,1060.0,,,2186.0
2022-01-01 18:30:00+01:00,439.0,286.0,0.0,,431.0,0.0,,0.0,936.0,,,2092.0
2022-01-01 18:45:00+01:00,427.0,260.0,0.0,,516.0,0.0,,0.0,880.0,,,2083.0
2022-01-01 19:00:00+01:00,399.0,0.0,0.0,902.0,115.0,0.0,1268.0,0.0,1106.0,0.0,0.0,3790.0
2022-01-01 19:15:00+01:00,407.0,0.0,0.0,,134.0,0.0,,0.0,1212.0,,,1753.0
2022-01-01 19:30:00+01:00,408.0,0.0,0.0,,156.0,0.0,,0.0,1122.0,,,1686.0
2022-01-01 19:45:00+01:00,400.0,12.0,0.0,,297.0,0.0,,0.0,1079.0,,,1788.0
2022-01-01 20:00:00+01:00,353.0,0.0,0.0,852.0,46.0,0.0,1081.0,0.0,1038.0,0.0,0.0,3370.0
2022-01-01 20:15:00+01:00,356.0,0.0,0.0,,116.0,0.0,,0.0,1017.0,,,1489.0
2022-01-01 20:30:00+01:00,380.0,0.0,0.0,,105.0,0.0,,0.0,939.0,,,1424.0
2022-01-01 20:45:00+01:00,387.0,0.0,0.0,,136.0,39.0,,0.0,884.0,,,1446.0
2022-01-01 21:00:00+01:00,350.0,141.0,0.0,859.0,160.0,413.0,1309.0,0.0,1105.0,0.0,0.0,4337.0
2022-01-01 21:15:00+01:00,373.0,192.0,0.0,,105.0,499.0,,0.0,1108.0,,,2277.0
2022-01-01 21:30:00+01:00,352.0,141.0,0.0,,96.0,499.0,,0.0,1116.0,,,2204.0
2022-01-01 21:45:00+01:00,351.0,122.0,0.0,,129.0,513.0,,0.0,996.0,,,2111.0
2022-01-01 22:00:00+01:00,384.0,0.0,0.0,999.0,84.0,628.0,824.0,0.0,811.0,0.0,231.0,3961.0
2022-01-01 22:15:00+01:00,400.0,0.0,0.0,,80.0,623.0,,0.0,809.0,,,1912.0
2022-01-01 22:30:00+01:00,433.0,0.0,0.0,,104.0,588.0,,0.0,648.0,,,1773.0
2022-01-01 22:45:00+01:00,433.0,0.0,0.0,,133.0,585.0,,0.0,725.0,,,1876.0
2022-01-01 23:00:00+01:00,295.0,0.0,0.0,829.0,201.0,585.0,747.0,0.0,1017.0,0.0,465.0,4139.0
2022-01-01 23:15:00+01:00,287.0,0.0,0.0,,216.0,588.0,,0.0,1151.0,,,2242.0
2022-01-01 23:30:00+01:00,278.0,0.0,0.0,,141.0,592.0,,0.0,1065.0,,,2076.0
2022-01-01 23:45:00+01:00,239.0,13.0,0.0,,161.0,587.0,,0.0,1410.0,,,2410.0
2022-01-02 00:00:00+01:00,139.0,299.0,0.0,860.0,124.0,585.0,831.0,0.0,1689.0,0.0,550.0,5077.0
2022-01-02 00:15:00+01:00,213.0,233.0,0.0,,12.0,585.0,,0.0,1715.0,,,2758.0
2022-01-02 00:30:00+01:00,205.0,244.0,0.0,,47.0,585.0,,0.0,1762.0,,,2843.0
2022-01-02 00:45:00+01:00,210.0,301.0,0.0,,47.0,585.0,,0.0,1836.0,,,2979.0
2022-01-02 01:00:00+01:00,140.0,491.0,0.0,932.0,141.0,585.0,544.0,0.0,1375.0,0.0,604.0,4812.0
2022-01-02 01:15:00+01:00,150.0,513.0,0.0,,51.0,585.0,,0.0,1469.0,,,2768.0
2022-01-02 01:30:00+01:00,179.0,513.0,0.0,,54.0,585.0,,0.0,1358.0,,,2689.0
2022-01-02 01:45:00+01:00,200.0,517.0,0.0,,88.0,581.0,,0.0,1476.0,,,2862.0
2022-01-02 02:00:00+01:00,151.0,532.0,0.0,719.0,172.0,548.0,755.0,0.0,1559.0,0.0,604.0,5040.0
2022-01-02 02:15:00+01:00,107.0,588.0,0.0,,99.0,546.0,,0.0,1700.0,,,3040.0
2022-01-02 02:30:00+01:00,120.0,620.0,0.0,,64.0,546.0,,0.0,1631.0,,,2981.0
2022-01-02 02:45:00+01:00,134.0,649.0,0.0,,53.0,436.0,,0.0,1690.0,,,2962.0
2022-01-02 03:00:00+01:00,131.0,252.0,0.0,624.0,170.0,36.0,832.0,0.0,1592.0,0.0,372.0,4009.0
2022-01-02 03:15:00+01:00,102.0,223.0,0.0,,51.0,0.0,,0.0,1642.0,,,2018.0
2022-01-02 03:30:00+01:00,101.0,237.0,0.0,,28.0,0.0,,0.0,1729.0,,,2095.0
2022-01-02 03:45:00+01:00,123.0,274.0,0.0,,51.0,0.0,,0.0,1781.0,,,2229.0
2022-01-02 04:00:00+01:00,181.0,584.0,0.0,599.0,382.0,0.0,1466.0,0.0,1942.0,0.0,39.0,5193.0
2022-01-02 04:15:00+01:00,188.0,646.0,0.0,,401.0,0.0,,0.0,1990.0,,,3225.0
2022-01-02 04:30:00+01:00,197.0,666.0,0.0,,438.0,0.0,,0.0,2022.0,,,3323.0
2022-01-02 04:45:00+01:00,199.0,684.0,0.0,,374.0,0.0,,0.0,2022.0,,,3279.0
2022-01-02 05:00:00+01:00,176.0,842.0,0.0,611.0,249.0,0.0,1768.0,0.0,2202.0,0.0,0.0,5848.0
2022-01-02 05:15:00+01:00,182.0,864.0,0.0,,165.0,0.0,,0.0,2179.0,,,3390.0
2022-01-02 05:30:00+01:00,177.0,857.0,0.0,,134.0,0.0,,0.0,2298.0,,,3466.0
2022-01-02 05:45:00+01:00,208.0,865.0,0.0,,126.0,0.0,,0.0,2458.0,,,3657.0
2022-01-02 06:00:00+01:00,133.0,865.0,0.0,617.0,37.0,0.0,1712.0,0.0,2338.0,0.0,0.0,5702.0
2022-01-02 06:15:00+01:00,160.0,868.0,0.0,,5.0,0.0,,0.0,2301.0,,,3334.0
2022-01-02 06:30:00+01:00,204.0,877.0,0.0,,0.0,0.0,,0.0,2251.0,,,3332.0
2022-01-02 06:45:00+01:00,233.0,881.0,0.0,,8.0,0.0,,0.0,2319.0,,,3441.0
2022-01-02 07:00:00+01:00,233.0,731.0,0.0,623.0,90.0,0.0,1425.0,0.0,2238.0,0.0,0.0,5340.0
2022-01-02 07:15:00+01:00,203.0,627.0,0.0,,135.0,0.0,,0.0,2030.0,,,2995.0
2022-01-02 07:30:00+01:00,160.0,605.0,0.0,,93.0,0.0,,0.0,1916.0,,,2774.0
2022-01-02 07:45:00+01:00,123.0,607.0,0.0,,64.0,0.0,,0.0,1807.0,,,2601.0
2022-01-02 08:00:00+01:00,136.0,859.0,0.0,548.0,70.0,0.0,1389.0,0.0,1543.0,0.0,0.0,4545.0
2022-01-02 08:15:00+01:00,115.0,866.0,0.0,,37.0,0.0,,0.0,1417.0,,,2435.0
2022-01-02 08:30:00+01:00,106.0,849.0,0.0,,1.0,0.0,,0.0,1423.0,,,2379.0
2022-01-02 08:45:00+01:00,109.0,862.0,0.0,,22.0,0.0,,0.0,1396.0,,,2389.0
2022-01-02 09:00:00+01:00,104.0,830.0,0.0,479.0,69.0,0.0,1466.0,0.0,1239.0,0.0,0.0,4187.0
2022-01-02 09:15:00+01:00,73.0,782.0,0.0,,52.0,0.0,,0.0,1115.0,,,2022.0
2022-01-02 09:30:00+01:00,79.0,791.0,0.0,,38.0,0.0,,0.0,1036.0,,,1944.0
2022-01-02 09:45:00+01:00,81.0,756.0,0.0,,8.0,0.0,,0.0,909.0,,,1754.0
2022-01-02 10:00:00+01:00,46.0,328.0,0.0,221.0,0.0,0.0,1333.0,0.0,922.0,0.0,0.0,2850.0
2022-01-02 10:15:00+01:00,82.0,275.0,0.0,,0.0,0.0,,0.0,941.0,,,1298.0
2022-01-02 10:30:00+01:00,75.0,253.0,0.0,,0.0,0.0,,0.0,1040.0,,,1368.0
2022-01-02 10:45:00+01:00,93.0,247.0,0.0,,0.0,0.0,,0.0,1029.0,,,1369.0
2022-01-02 11:00:00+01:00,125.0,125.0,0.0,3.0,0.0,0.0,1571.0,0.0,980.0,0.0,0.0,2804.0
2022-01-02 11:15:00+01:00,144.0,138.0,0.0,,0.0,0.0,,0.0,1021.0,,,1303.0
2022-01-02 11:30:00+01:00,153.0,90.0,0.0,,0.0,0.0,,0.0,972.0,,,1215.0
2022-01-02 11:45:00+01:00,149.0,74.0,0.0,,0.0,0.0,,0.0,743.0,,,966.0
2022-01-02 12:00:00+01:00,59.0,56.0,0.0,0.0,0.0,0.0,1150.0,0.0,776.0,0.0,0.0,2041.0
2022-01-02 12:15:00+01:00,98.0,57.0,0.0,,0.0,0.0,,0.0,923.0,,,1078.0
2022-01-02 12:30:00+01:00,116.0,66.0,0.0,,0.0,0.0,,0.0,917.0,,,1099.0
2022-01-02 12:45:00+01:00,136.0,80.0,0.0,,0.0,0.0,,0.0,808.0,,,1024.0
2022-01-02 13:00:00+01:00,196.0,114.0,0.0,3.0,0.0,0.0,1613.0,0.0,766.0,0.0,0.0,2692.0
2022-01-02 13:15:00+01:00,251.0,117.0,0.0,,0.0,0.0,,0.0,773.0,,,1141.0
2022-01-02 13:30:00+01:00,285.0,130.0,0.0,,0.0,0.0,,0.0,760.0,,,1175.0
2022-01-02 13:45:00+01:00,293.0,111.0,0.0,,0.0,0.0,,0.0,782.0,,,1186.0
2022-01-02 14:00:00+01:00,259.0,129.0,0.0,0.0,0.0,0.0,1732.0,0.0,1017.0,0.0,0.0,3137.0
2022-01-02 14:15:00+01:00,259.0,119.0,0.0,,0.0,0.0,,0.0,979.0,,,1357.0
2022-01-02 14:30:00+01:00,250.0,119.0,0.0,,0.0,0.0,,0.0,1001.0,,,1370.0
2022-01-02 14:45:00+01:00,319.0,138.0,0.0,,0.0,0.0,,0.0,970.0,,,1427.0
2022-01-02 15:00:00+01:00,351.0,193.0,0.0,129.0,0.0,0.0,2368.0,0.0,1210.0,0.0,0.0,4251.0
2022-01-02 15:15:00+01:00,375.0,156.0,0.0,,0.0,0.0,,0.0,1206.0,,,1737.0
2022-01-02 15:30:00+01:00,364.0,143.0,0.0,,0.0,0.0,,0.0,1228.0,,,1735.0
2022-01-02 15:45:00+01:00,369.0,156.0,0.0,,0.0,0.0,,0.0,1273.0,,,1798.0
2022-01-02 16:00:00+01:00,275.0,165.0,0.0,222.0,0.0,0.0,2798.0,0.0,1525.0,0.0,0.0,4985.0
2022-01-02 16:15:00+01:00,290.0,121.0,0.0,,0.0,0.0,,0.0,1297.0,,,1708.0
2022-01-02 16:30:00+01:00,290.0,105.0,0.0,,0.0,0.0,,0.0,1304.0,,,1699.0
2022-01-02 16:45:00+01:00,223.0,83.0,0.0,,0.0,0.0,,0.0,1234.0,,,1540.0
2022-01-02 17:00:00+01:00,322.0,67.0,0.0,289.0,0.0,0.0,2814.0,0.0,944.0,0.0,0.0,4436.0
2022-01-02 17:15:00+01:00,326.0,71.0,0.0,,0.0,0.0,,0.0,856.0,,,1253.0
2022-01-02 17:30:00+01:00,277.0,65.0,0.0,,0.0,0.0,,0.0,863.0,,,1205.0
2022-01-02 17:45:00+01:00,222.0,56.0,0.0,,0.0,0.0,,0.0,816.0,,,1094.0
2022-01-02 18:00:00+01:00,212.0,14.0,0.0,247.0,0.0,0.0,2170.0,0.0,578.0,0.0,0.0,3221.0
2022-01-02 18:15:00+01:00,211.0,0.0,0.0,,0.0,0.0,,0.0,670.0,,,881.0
2022-01-02 18:30:00+01:00,186.0,0.0,0.0,,0.0,0.0,,0.0,604.0,,,790.0
2022-01-02 18:45:00+01:00,179.0,0.0,0.0,,0.0,0.0,,0.0,487.0,,,666.0
2022-01-02 19:00:00+01:00,202.0,0.0,0.0,226.0,0.0,0.0,1823.0,0.0,423.0,0.0,0.0,2674.0
2022-01-02 19:15:00+01:00,201.0,0.0,0.0,,0.0,0.0,,0.0,400.0,,,601.0
2022-01-02 19:30:00+01:00,264.0,0.0,0.0,,0.0,0.0,,0.0,437.0,,,701.0
2022-01-02 19:45:00+01:00,235.0,0.0,0.0,,0.0,0.0,,0.0,457.0,,,692.0
2022-01-02 20:00:00+01:00,174.0,0.0,0.0,216.0,0.0,0.0,1662.0,0.0,457.0,0.0,0.0,2509.0
2022-01-02 20:15:00+01:00,158.0,0.0,0.0,,0.0,0.0,,0.0,478.0,,,636.0
2022-01-02 20:30:00+01:00,102.0,0.0,0.0,,0.0,0.0,,0.0,493.0,,,595.0
2022-01-02 20:45:00+01:00,65.0,0.0,0.0,,0.0,0.0,,0.0,434.0,,,499.0
2022-01-02 21:00:00+01:00,48.0,0.0,0.0,220.0,2.0,0.0,1613.0,0.0,523.0,0.0,0.0,2406.0
2022-01-02 21:15:00+01:00,47.0,0.0,0.0,,47.0,0.0,,0.0,735.0,,,829.0
2022-01-02 21:30:00+01:00,46.0,0.0,0.0,,7.0,0.0,,0.0,721.0,,,774.0
2022-01-02 21:45:00+01:00,48.0,0.0,0.0,,6.0,0.0,,0.0,641.0,,,695.0
2022-01-02 22:00:00+01:00,50.0,0.0,0.0,332.0,65.0,0.0,1297.0,0.0,872.0,0.0,0.0,2616.0
2022-01-02 22:15:00+01:00,49.0,0.0,0.0,,5.0,0.0,,0.0,891.0,,,945.0
2022-01-02 22:30:00+01:00,48.0,0.0,0.0,,30.0,0.0,,0.0,670.0,,,748.0
2022-01-02 22:45:00+01:00,46.0,36.0,0.0,,1.0,0.0,,0.0,867.0,,,950.0
2022-01-02 23:00:00+01:00,45.0,356.0,0.0,303.0,26.0,0.0,826.0,0.0,986.0,0.0,0.0,2542.0
2022-01-02 23:15:00+01:00,44.0,389.0,0.0,,0.0,0.0,,0.0,989.0,,,1422.0
2022-01-02 23:30:00+01:00,43.0,394.0,0.0,,6.0,0.0,,0.0,1053.0,,,1496.0
2022-01-02 23:45:00+01:00,46.0,358.0,0.0,,1.0,0.0,,0.0,1241.0,,,1646.0
2022-01-03 00:00:00+01:00,63.0,223.0,0.0,329.0,0.0,0.0,1043.0,0.0,833.0,0.0,0.0,2491.0
2022-01-03 00:15:00+01:00,92.0,207.0,0.0,,0.0,0.0,,0.0,917.0,,,1216.0
2022-01-03 00:30:00+01:00,161.0,229.0,0.0,,0.0,0.0,,0.0,1048.0,,,1438.0
2022-01-03 00:45:00+01:00,194.0,296.0,0.0,,0.0,0.0,,0.0,1052.0,,,1542.0
2022-01-03 01:00:00+01:00,280.0,657.0,0.0,244.0,0.0,0.0,1318.0,0.0,648.0,0.0,0.0,3147.0
2022-01-03 01:15:00+01:00,312.0,810.0,0.0,,0.0,0.0,,0.0,714.0,,,1836.0
2022-01-03 01:30:00+01:00,281.0,859.0,0.0,,0.0,0.0,,0.0,827.0,,,1967.0
2022-01-03 01:45:00+01:00,284.0,824.0,0.0,,0.0,0.0,,0.0,792.0,,,1900.0
2022-01-03 02:00:00+01:00,303.0,442.0,0.0,249.0,0.0,0.0,1521.0,0.0,1010.0,0.0,0.0,3525.0
2022-01-03 02:15:00+01:00,317.0,413.0,0.0,,0.0,0.0,,0.0,1088.0,,,1818.0
2022-01-03 02:30:00+01:00,299.0,390.0,0.0,,0.0,0.0,,0.0,1112.0,,,1801.0
2022-01-03 02:45:00+01:00,318.0,557.0,0.0,,0.0,0.0,,0.0,1172.0,,,2047.0
2022-01-03 03:00:00+01:00,285.0,828.0,0.0,286.0,0.0,0.0,1700.0,0.0,1109.0,0.0,0.0,4208.0
2022-01-03 03:15:00+01:00,305.0,856.0,0.0,,0.0,0.0,,0.0,1076.0,,,2237.0
2022-01-03 03:30:00+01:00,317.0,866.0,0.0,,0.0,0.0,,0.0,1118.0,,,2301.0
2022-01-03 03:45:00+01:00,318.0,836.0,0.0,,0.0,0.0,,0.0,1145.0,,,2299.0
2022-01-03 04:00:00+01:00,253.0,562.0,0.0,328.0,0.0,0.0,1537.0,0.0,1784.0,0.0,0.0,4464.0
2022-01-03 04:15:00+01:00,228.0,527.0,0.0,,0.0,0.0,,0.0,1870.0,,,2625.0
2022-01-03 04:30:00+01:00,266.0,519.0,0.0,,0.0,0.0,,0.0,1838.0,,,2623.0
2022-01-03 04:45:00+01:00,264.0,424.0,0.0,,0.0,0.0,,0.0,1821.0,,,2509.0
2022-01-03 05:00:00+01:00,124.0,165.0,0.0,416.0,0.0,0.0,893.0,0.0,1763.0,0.0,0.0,3361.0
2022-01-03 05:15:00+01:00,80.0,63.0,0.0,,0.0,0.0,,0.0,1640.0,,,1783.0
2022-01-03 05:30:00+01:00,69.0,13.0,0.0,,0.0,0.0,,0.0,1649.0,,,1731.0
2022-01-03 05:45:00+01:00,56.0,0.0,0.0,,0.0,0.0,,0.0,1526.0,,,1582.0
2022-01-03 06:00:00+01:00,68.0,0.0,0.0,397.0,0.0,0.0,677.0,0.0,1672.0,0.0,0.0,2814.0
2022-01-03 06:15:00+01:00,45.0,0.0,0.0,,0.0,0.0,,0.0,1888.0,,,1933.0
2022-01-03 06:30:00+01:00,49.0,0.0,0.0,,0.0,0.0,,0.0,2028.0,,,2077.0
2022-01-03 06:45:00+01:00,68.0,0.0,0.0,,9.0,0.0,,0.0,1966.0,,,2043.0
2022-01-03 07:00:00+01:00,73.0,0.0,0.0,454.0,0.0,0.0,426.0,0.0,1384.0,0.0,0.0,2337.0
2022-01-03 07:15:00+01:00,92.0,0.0,0.0,,0.0,0.0,,0.0,1243.0,,,1335.0
2022-01-03 07:30:00+01:00,93.0,0.0,0.0,,0.0,0.0,,0.0,1241.0,,,1334.0
2022-01-03 07:45:00+01:00,91.0,0.0,0.0,,0.0,0.0,,0.0,1171.0,,,1262.0
2022-01-03 08:00:00+01:00,135.0,864.0,0.0,508.0,0.0,0.0,190.0,0.0,36.0,0.0,0.0,1733.0
2022-01-03 08:15:00+01:00,105.0,1002.0,0.0,,0.0,0.0,,0.0,0.0,,,1107.0
2022-01-03 08:30:00+01:00,90.0,1002.0,0.0,,0.0,0.0,,0.0,0.0,,,1092.0
2022-01-03 08:45:00+01:00,84.0,1002.0,0.0,,0.0,0.0,,0.0,0.0,,,1086.0
2022-01-03 09:00:00+01:00,75.0,1002.0,0.0,455.0,0.0,0.0,74.0,0.0,0.0,0.0,0.0,1606.0
2022-01-03 09:15:00+01:00,63.0,1002.0,0.0,,0.0,0.0,,0.0,0.0,,,1065.0
2022-01-03 09:30:00+01:00,49.0,1002.0,0.0,,0.0,0.0,,0.0,0.0,,,1051.0
2022-01-03 09:45:00+01:00,50.0,887.0,0.0,,0.0,0.0,,0.0,0.0,,,937.0
2022-01-03 10:00:00+01:00,50.0,0.0,0.0,459.0,0.0,0.0,254.0,0.0,101.0,0.0,0.0,864.0
2022-01-03 10:15:00+01:00,63.0,16.0,0.0,,0.0,0.0,,0.0,260.0,,,339.0
2022-01-03 10:30:00+01:00,64.0,2.0,0.0,,0.0,0.0,,0.0,225.0,,,291.0
2022-01-03 10:45:00+01:00,69.0,7.0,0.0,,0.0,0.0,,0.0,227.0,,,303.0
2022-01-03 11:00:00+01:00,79.0,52.0,0.0,506.0,0.0,0.0,354.0,0.0,249.0,0.0,0.0,1240.0
2022-01-03 11:15:00+01:00,73.0,48.0,0.0,,0.0,0.0,,0.0,468.0,,,589.0
2022-01-03 11:30:00+01:00,57.0,83.0,0.0,,0.0,0.0,,0.0,581.0,,,721.0
2022-01-03 11:45:00+01:00,66.0,112.0,0.0,,0.0,0.0,,0.0,584.0,,,762.0
2022-01-03 12:00:00+01:00,71.0,114.0,0.0,523.0,0.0,11.0,276.0,0.0,461.0,0.0,0.0,1456.0
2022-01-03 12:15:00+01:00,80.0,117.0,0.0,,0.0,26.0,,0.0,529.0,,,752.0
2022-01-03 12:30:00+01:00,89.0,108.0,0.0,,0.0,27.0,,0.0,434.0,,,658.0
2022-01-03 12:45:00+01:00,96.0,129.0,0.0,,0.0,26.0,,0.0,455.0,,,706.0
2022-01-03 13:00:00+01:00,96.0,123.0,0.0,506.0,0.0,30.0,421.0,0.0,345.0,0.0,0.0,1521.0
2022-01-03 13:15:00+01:00,86.0,123.0,0.0,,0.0,30.0,,0.0,431.0,,,670.0
2022-01-03 13:30:00+01:00,88.0,129.0,0.0,,0.0,30.0,,0.0,438.0,,,685.0
2022-01-03 13:45:00+01:00,90.0,113.0,0.0,,0.0,131.0,,0.0,410.0,,,744.0
2022-01-03 14:00:00+01:00,104.0,107.0,0.0,460.0,0.0,500.0,494.0,0.0,339.0,0.0,0.0,2004.0
2022-01-03 14:15:00+01:00,68.0,113.0,0.0,,0.0,585.0,,0.0,337.0,,,1103.0
2022-01-03 14:30:00+01:00,73.0,117.0,0.0,,0.0,585.0,,0.0,279.0,,,1054.0
2022-01-03 14:45:00+01:00,74.0,130.0,0.0,,0.0,568.0,,1.0,402.0,,,1175.0
2022-01-03 15:00:00+01:00,91.0,30.0,0.0,432.0,0.0,428.0,400.0,1.0,161.0,0.0,0.0,1543.0
2022-01-03 15:15:00+01:00,83.0,30.0,0.0,,0.0,416.0,,0.0,114.0,,,643.0
2022-01-03 15:30:00+01:00,67.0,33.0,0.0,,0.0,416.0,,0.0,207.0,,,723.0
2022-01-03 15:45:00+01:00,62.0,22.0,0.0,,0.0,419.0,,0.0,50.0,,,553.0
2022-01-03 16:00:00+01:00,62.0,0.0,0.0,433.0,0.0,443.0,447.0,0.0,0.0,0.0,182.0,1567.0
2022-01-03 16:15:00+01:00,60.0,32.0,0.0,,0.0,444.0,,0.0,0.0,,,536.0
2022-01-03 16:30:00+01:00,63.0,80.0,0.0,,0.0,444.0,,1.0,0.0,,,588.0
2022-01-03 16:45:00+01:00,66.0,95.0,0.0,,0.0,445.0,,41.0,0.0,,,647.0
2022-01-03 17:00:00+01:00,91.0,9.0,0.0,529.0,0.0,458.0,16.0,202.0,0.0,0.0,303.0,1608.0
2022-01-03 17:15:00+01:00,116.0,0.0,0.0,,0.0,459.0,,242.0,0.0,,,817.0
2022-01-03 17:30:00+01:00,119.0,0.0,0.0,,0.0,459.0,,242.0,0.0,,,820.0
2022-01-03 17:45:00+01:00,125.0,0.0,4.0,,0.0,461.0,,211.0,0.0,,,801.0
2022-01-03 18:00:00+01:00,140.0,0.0,10.0,585.0,0.0,478.0,0.0,87.0,0.0,0.0,172.0,1472.0
2022-01-03 18:15:00+01:00,168.0,0.0,45.0,,0.0,480.0,,55.0,0.0,,,748.0
2022-01-03 18:30:00+01:00,165.0,0.0,57.0,,0.0,480.0,,56.0,0.0,,,758.0
2022-01-03 18:45:00+01:00,181.0,0.0,57.0,,0.0,490.0,,46.0,0.0,,,774.0
2022-01-03 19:00:00+01:00,141.0,0.0,9.0,569.0,0.0,576.0,0.0,10.0,0.0,0.0,230.0,1535.0
2022-01-03 19:15:00+01:00,121.0,0.0,1.0,,0.0,583.0,,0.0,0.0,,,705.0
2022-01-03 19:30:00+01:00,128.0,0.0,2.0,,0.0,583.0,,0.0,0.0,,,713.0
2022-01-03 19:45:00+01:00,160.0,0.0,0.0,,0.0,583.0,,0.0,0.0,,,743.0
2022-01-03 20:00:00+01:00,127.0,0.0,16.0,540.0,0.0,583.0,0.0,0.0,0.0,0.0,306.0,1572.0
2022-01-03 20:15:00+01:00,182.0,0.0,0.0,,0.0,583.0,,0.0,0.0,,,765.0
2022-01-03 20:30:00+01:00,236.0,0.0,0.0,,0.0,583.0,,0.0,0.0,,,819.0
2022-01-03 20:45:00+01:00,223.0,0.0,0.0,,0.0,583.0,,0.0,0.0,,,806.0
2022-01-03 21:00:00+01:00,109.0,0.0,0.0,684.0,0.0,583.0,3.0,0.0,0.0,0.0,309.0,1688.0
2022-01-03 21:15:00+01:00,133.0,0.0,0.0,,0.0,583.0,,0.0,0.0,,,716.0
2022-01-03 21:30:00+01:00,172.0,0.0,0.0,,0.0,583.0,,0.0,0.0,,,755.0
2022-01-03 21:45:00+01:00,255.0,17.0,0.0,,0.0,583.0,,0.0,0.0,,,855.0
2022-01-03 22:00:00+01:00,195.0,98.0,0.0,840.0,0.0,583.0,92.0,0.0,0.0,0.0,575.0,2383.0
2022-01-03 22:15:00+01:00,210.0,92.0,0.0,,0.0,583.0,,0.0,0.0,,,885.0
2022-01-03 22:30:00+01:00,305.0,59.0,0.0,,0.0,583.0,,0.0,0.0,,,947.0
2022-01-03 22:45:00+01:00,429.0,47.0,0.0,,0.0,583.0,,0.0,0.0,,,1059.0
2022-01-03 23:00:00+01:00,417.0,46.0,0.0,914.0,0.0,583.0,42.0,0.0,0.0,0.0,605.0,2607.0
2022-01-03 23:15:00+01:00,440.0,43.0,0.0,,0.0,583.0,,0.0,0.0,,,1066.0
2022-01-03 23:30:00+01:00,517.0,4.0,0.0,,0.0,583.0,,0.0,0.0,,,1104.0
2022-01-03 23:45:00+01:00,493.0,3.0,0.0,,0.0,583.0,,0.0,0.0,,,1079.0
2022-01-04 00:00:00+01:00,214.0,0.0,0.0,890.0,0.0,583.0,84.0,0.0,0.0,0.0,605.0,2376.0
2022-01-04 00:15:00+01:00,300.0,0.0,0.0,,0.0,583.0,,0.0,0.0,,,883.0
2022-01-04 00:30:00+01:00,258.0,0.0,0.0,,0.0,583.0,,0.0,0.0,,,841.0
2022-01-04 00:45:00+01:00,241.0,0.0,0.0,,0.0,583.0,,0.0,0.0,,,824.0
2022-01-04 01:00:00+01:00,201.0,0.0,0.0,760.0,0.0,583.0,394.0,0.0,0.0,0.0,605.0,2543.0
2022-01-04 01:15:00+01:00,185.0,0.0,0.0,,0.0,583.0,,0.0,0.0,,,768.0
2022-01-04 01:30:00+01:00,197.0,29.0,0.0,,0.0,583.0,,0.0,0.0,,,809.0
2022-01-04 01:45:00+01:00,187.0,24.0,0.0,,0.0,583.0,,0.0,0.0,,,794.0
2022-01-04 02:00:00+01:00,193.0,111.0,0.0,804.0,0.0,583.0,473.0,0.0,31.0,0.0,605.0,2800.0
2022-01-04 02:15:00+01:00,195.0,139.0,0.0,,0.0,583.0,,0.0,215.0,,,1132.0
2022-01-04 02:30:00+01:00,198.0,149.0,0.0,,0.0,583.0,,0.0,290.0,,,1220.0
2022-01-04 02:45:00+01:00,200.0,101.0,0.0,,0.0,582.0,,0.0,323.0,,,1206.0
2022-01-04 03:00:00+01:00,243.0,107.0,0.0,804.0,0.0,573.0,506.0,0.0,0.0,0.0,605.0,2838.0
2022-01-04 03:15:00+01:00,275.0,108.0,0.0,,0.0,571.0,,0.0,3.0,,,957.0
2022-01-04 03:30:00+01:00,276.0,138.0,0.0,,0.0,571.0,,0.0,129.0,,,1114.0
2022-01-04 03:45:00+01:00,192.0,157.0,0.0,,0.0,574.0,,0.0,210.0,,,1133.0
2022-01-04 04:00:00+01:00,186.0,148.0,0.0,759.0,0.0,585.0,796.0,0.0,78.0,0.0,605.0,3157.0
2022-01-04 04:15:00+01:00,168.0,120.0,0.0,,4.0,585.0,,0.0,46.0,,,923.0
2022-01-04 04:30:00+01:00,182.0,145.0,0.0,,0.0,585.0,,0.0,137.0,,,1049.0
2022-01-04 04:45:00+01:00,262.0,176.0,0.0,,9.0,590.0,,0.0,130.0,,,1167.0
2022-01-04 05:00:00+01:00,285.0,188.0,0.0,883.0,143.0,564.0,1053.0,0.0,5.0,0.0,604.0,3725.0
2022-01-04 05:15:00+01:00,279.0,174.0,0.0,,196.0,560.0,,0.0,0.0,,,1209.0
2022-01-04 05:30:00+01:00,194.0,195.0,0.0,,235.0,560.0,,0.0,52.0,,,1236.0
2022-01-04 05:45:00+01:00,123.0,180.0,0.0,,407.0,546.0,,30.0,0.0,,,1286.0
2022-01-04 06:00:00+01:00,80.0,177.0,0.0,574.0,713.0,427.0,1012.0,365.0,0.0,0.0,604.0,3952.0
2022-01-04 06:15:00+01:00,47.0,190.0,0.0,,678.0,418.0,,465.0,0.0,,,1798.0
2022-01-04 06:30:00+01:00,43.0,153.0,0.0,,628.0,417.0,,465.0,0.0,,,1706.0
2022-01-04 06:45:00+01:00,50.0,130.0,0.0,,632.0,393.0,,565.0,0.0,,,1770.0
2022-01-04 07:00:00+01:00,84.0,121.0,0.0,644.0,752.0,186.0,693.0,967.0,0.0,0.0,111.0,3558.0
2022-01-04 07:15:00+01:00,79.0,130.0,0.0,,758.0,170.0,,1068.0,0.0,,,2205.0
2022-01-04 07:30:00+01:00,84.0,159.0,0.0,,753.0,170.0,,1068.0,0.0,,,2234.0
2022-01-04 07:45:00+01:00,86.0,182.0,0.0,,695.0,255.0,,1124.0,0.0,,,2342.0
2022-01-04 08:00:00+01:00,236.0,94.0,0.0,817.0,494.0,568.0,354.0,1347.0,0.0,0.0,279.0,4189.0
2022-01-04 08:15:00+01:00,137.0,116.0,0.0,,537.0,639.0,,1404.0,0.0,,,2833.0
2022-01-04 08:30:00+01:00,123.0,107.0,0.0,,667.0,639.0,,1404.0,0.0,,,2940.0
2022-01-04 08:45:00+01:00,115.0,122.0,0.0,,658.0,618.0,,1404.0,0.0,,,2917.0
2022-01-04 09:00:00+01:00,121.0,105.0,0.0,796.0,584.0,438.0,504.0,1404.0,0.0,0.0,307.0,4259.0
2022-01-04 09:15:00+01:00,126.0,54.0,0.0,,780.0,423.0,,1404.0,28.0,,,2815.0
2022-01-04 09:30:00+01:00,112.0,64.0,0.0,,557.0,423.0,,1404.0,50.0,,,2610.0
2022-01-04 09:45:00+01:00,117.0,69.0,0.0,,578.0,414.0,,1404.0,4.0,,,2586.0
2022-01-04 10:00:00+01:00,77.0,21.0,5.0,622.0,585.0,341.0,518.0,1404.0,0.0,0.0,273.0,3846.0
2022-01-04 10:15:00+01:00,61.0,42.0,0.0,,646.0,335.0,,1404.0,0.0,,,2488.0
2022-01-04 10:30:00+01:00,77.0,17.0,1.0,,721.0,335.0,,1404.0,32.0,,,2587.0
2022-01-04 10:45:00+01:00,76.0,41.0,1.0,,714.0,401.0,,1404.0,174.0,,,2811.0
2022-01-04 11:00:00+01:00,98.0,8.0,8.0,747.0,373.0,637.0,382.0,1404.0,377.0,0.0,250.0,4284.0
2022-01-04 11:15:00+01:00,136.0,22.0,31.0,,499.0,694.0,,1404.0,361.0,,,3147.0
2022-01-04 11:30:00+01:00,157.0,41.0,53.0,,720.0,692.0,,1404.0,333.0,,,3400.0
2022-01-04 11:45:00+01:00,131.0,52.0,63.0,,725.0,656.0,,1384.0,231.0,,,3242.0
2022-01-04 12:00:00+01:00,63.0,48.0,83.0,664.0,635.0,631.0,222.0,1304.0,220.0,0.0,62.0,3932.0
2022-01-04 12:15:00+01:00,62.0,53.0,93.0,,590.0,656.0,,1284.0,227.0,,,2965.0
2022-01-04 12:30:00+01:00,91.0,28.0,129.0,,783.0,687.0,,1284.0,174.0,,,3176.0
2022-01-04 12:45:00+01:00,115.0,33.0,128.0,,689.0,703.0,,1261.0,184.0,,,3113.0
2022-01-04 13:00:00+01:00,112.0,49.0,114.0,623.0,669.0,699.0,276.0,1167.0,156.0,0.0,47.0,3912.0
2022-01-04 13:15:00+01:00,137.0,54.0,69.0,,636.0,694.0,,1144.0,124.0,,,2858.0
2022-01-04 13:30:00+01:00,164.0,56.0,61.0,,794.0,690.0,,1144.0,75.0,,,2984.0
2022-01-04 13:45:00+01:00,213.0,62.0,11.0,,739.0,711.0,,1129.0,20.0,,,2885.0
2022-01-04 14:00:00+01:00,173.0,50.0,30.0,804.0,715.0,741.0,185.0,1069.0,87.0,0.0,47.0,3901.0
2022-01-04 14:15:00+01:00,190.0,50.0,27.0,,643.0,761.0,,1053.0,206.0,,,2930.0
2022-01-04 14:30:00+01:00,186.0,51.0,16.0,,715.0,784.0,,1054.0,265.0,,,3071.0
2022-01-04 14:45:00+01:00,264.0,15.0,9.0,,678.0,775.0,,1043.0,150.0,,,2934.0
2022-01-04 15:00:00+01:00,455.0,26.0,4.0,960.0,674.0,743.0,165.0,1003.0,18.0,0.0,0.0,4048.0
2022-01-04 15:15:00+01:00,471.0,50.0,0.0,,696.0,745.0,,993.0,23.0,,,2978.0
2022-01-04 15:30:00+01:00,400.0,60.0,0.0,,752.0,688.0,,993.0,45.0,,,2938.0
2022-01-04 15:45:00+01:00,456.0,60.0,0.0,,746.0,647.0,,977.0,3.0,,,2889.0
2022-01-04 16:00:00+01:00,331.0,59.0,0.0,846.0,644.0,681.0,44.0,909.0,0.0,0.0,0.0,3514.0
2022-01-04 16:15:00+01:00,271.0,66.0,0.0,,677.0,729.0,,893.0,0.0,,,2636.0
2022-01-04 16:30:00+01:00,201.0,57.0,0.0,,758.0,818.0,,893.0,0.0,,,2727.0
2022-01-04 16:45:00+01:00,224.0,38.0,0.0,,604.0,825.0,,869.0,0.0,,,2560.0
2022-01-04 17:00:00+01:00,389.0,9.0,59.0,999.0,533.0,771.0,0.0,775.0,0.0,0.0,219.0,3754.0
2022-01-04 17:15:00+01:00,473.0,18.0,83.0,,440.0,765.0,,752.0,0.0,,,2531.0
2022-01-04 17:30:00+01:00,496.0,27.0,96.0,,543.0,764.0,,752.0,0.0,,,2678.0
2022-01-04 17:45:00+01:00,578.0,44.0,109.0,,500.0,767.0,,737.0,0.0,,,2735.0
2022-01-04 18:00:00+01:00,536.0,4.0,132.0,1201.0,388.0,788.0,0.0,684.0,0.0,0.0,542.0,4275.0
2022-01-04 18:15:00+01:00,582.0,39.0,96.0,,379.0,786.0,,672.0,0.0,,,2554.0
2022-01-04 18:30:00+01:00,573.0,36.0,98.0,,400.0,781.0,,672.0,0.0,,,2560.0
2022-01-04 18:45:00+01:00,565.0,25.0,101.0,,419.0,765.0,,652.0,0.0,,,2527.0
2022-01-04 19:00:00+01:00,413.0,35.0,79.0,1183.0,228.0,675.0,0.0,578.0,0.0,0.0,604.0,3795.0
2022-01-04 19:15:00+01:00,480.0,9.0,28.0,,169.0,664.0,,561.0,0.0,,,1911.0
2022-01-04 19:30:00+01:00,590.0,0.0,17.0,,288.0,641.0,,561.0,0.0,,,2097.0
2022-01-04 19:45:00+01:00,666.0,0.0,6.0,,282.0,616.0,,545.0,0.0,,,2115.0
2022-01-04 20:00:00+01:00,318.0,0.0,90.0,1221.0,115.0,597.0,0.0,485.0,0.0,0.0,604.0,3430.0
2022-01-04 20:15:00+01:00,322.0,0.0,92.0,,68.0,586.0,,471.0,0.0,,,1539.0
2022-01-04 20:30:00+01:00,329.0,0.0,74.0,,119.0,587.0,,471.0,0.0,,,1580.0
2022-01-04 20:45:00+01:00,344.0,0.0,50.0,,179.0,588.0,,412.0,0.0,,,1573.0
2022-01-04 21:00:00+01:00,374.0,0.0,15.0,1223.0,13.0,590.0,0.0,188.0,0.0,0.0,604.0,3007.0
2022-01-04 21:15:00+01:00,468.0,0.0,21.0,,0.0,589.0,,135.0,0.0,,,1213.0
2022-01-04 21:30:00+01:00,433.0,0.0,17.0,,0.0,586.0,,135.0,0.0,,,1171.0
2022-01-04 21:45:00+01:00,619.0,0.0,0.0,,4.0,585.0,,65.0,0.0,,,1273.0
2022-01-04 22:00:00+01:00,383.0,0.0,9.0,1259.0,0.0,585.0,0.0,0.0,0.0,0.0,604.0,2840.0
2022-01-04 22:15:00+01:00,356.0,0.0,0.0,,0.0,585.0,,0.0,0.0,,,941.0
2022-01-04 22:30:00+01:00,416.0,0.0,13.0,,1.0,585.0,,0.0,0.0,,,1015.0
2022-01-04 22:45:00+01:00,610.0,0.0,3.0,,0.0,585.0,,0.0,0.0,,,1198.0
2022-01-04 23:00:00+01:00,328.0,0.0,0.0,1178.0,0.0,585.0,0.0,0.0,0.0,0.0,605.0,2696.0
2022-01-04 23:15:00+01:00,316.0,0.0,0.0,,0.0,586.0,,0.0,0.0,,,902.0
2022-01-04 23:30:00+01:00,303.0,0.0,0.0,,0.0,585.0,,0.0,0.0,,,888.0
2022-01-04 23:45:00+01:00,399.0,0.0,0.0,,0.0,585.0,,0.0,0.0,,,984.0
2022-01-05 00:00:00+01:00,250.0,0.0,0.0,1117.0,91.0,585.0,29.0,0.0,0.0,0.0,605.0,2677.0
2022-01-05 00:15:00+01:00,204.0,0.0,0.0,,140.0,585.0,,0.0,0.0,,,929.0
2022-01-05 00:30:00+01:00,214.0,5.0,0.0,,82.0,585.0,,0.0,14.0,,,900.0
2022-01-05 00:45:00+01:00,190.0,0.0,0.0,,54.0,585.0,,0.0,70.0,,,899.0
2022-01-05 01:00:00+01:00,168.0,0.0,0.0,890.0,56.0,585.0,140.0,0.0,32.0,0.0,339.0,2210.0
2022-01-05 01:15:00+01:00,106.0,0.0,0.0,,35.0,585.0,,0.0,195.0,,,921.0
2022-01-05 01:30:00+01:00,111.0,0.0,0.0,,61.0,585.0,,0.0,169.0,,,926.0
2022-01-05 01:45:00+01:00,116.0,0.0,0.0,,128.0,586.0,,0.0,78.0,,,908.0
2022-01-05 02:00:00+01:00,116.0,0.0,0.0,743.0,11.0,585.0,197.0,0.0,0.0,0.0,310.0,1962.0
2022-01-05 02:15:00+01:00,131.0,0.0,0.0,,0.0,585.0,,0.0,0.0,,,716.0
2022-01-05 02:30:00+01:00,153.0,0.0,0.0,,0.0,585.0,,0.0,0.0,,,738.0
2022-01-05 02:45:00+01:00,159.0,0.0,0.0,,0.0,585.0,,0.0,0.0,,,744.0
2022-01-05 03:00:00+01:00,114.0,18.0,0.0,583.0,0.0,585.0,348.0,0.0,0.0,0.0,309.0,1957.0
2022-01-05 03:15:00+01:00,114.0,12.0,0.0,,0.0,585.0,,0.0,0.0,,,711.0
2022-01-05 03:30:00+01:00,110.0,9.0,0.0,,0.0,585.0,,0.0,0.0,,,704.0
2022-01-05 03:45:00+01:00,120.0,21.0,0.0,,0.0,585.0,,0.0,0.0,,,726.0
2022-01-05 04:00:00+01:00,70.0,4.0,0.0,501.0,0.0,585.0,315.0,0.0,0.0,0.0,309.0,1784.0
2022-01-05 04:15:00+01:00,60.0,0.0,0.0,,0.0,585.0,,0.0,5.0,,,650.0
2022-01-05 04:30:00+01:00,57.0,0.0,0.0,,0.0,585.0,,0.0,22.0,,,664.0
2022-01-05 04:45:00+01:00,49.0,0.0,0.0,,0.0,584.0,,0.0,0.0,,,633.0
2022-01-05 05:00:00+01:00,88.0,5.0,0.0,379.0,0.0,572.0,166.0,0.0,176.0,0.0,30.0,1416.0
2022-01-05 05:15:00+01:00,134.0,0.0,0.0,,0.0,571.0,,0.0,50.0,,,755.0
2022-01-05 05:30:00+01:00,155.0,0.0,0.0,,0.0,571.0,,0.0,0.0,,,726.0
2022-01-05 05:45:00+01:00,85.0,0.0,0.0,,0.0,467.0,,0.0,0.0,,,552.0
2022-01-05 06:00:00+01:00,136.0,0.0,0.0,289.0,14.0,86.0,11.0,0.0,0.0,0.0,0.0,536.0
2022-01-05 06:15:00+01:00,135.0,0.0,0.0,,1.0,0.0,,0.0,0.0,,,136.0
2022-01-05 06:30:00+01:00,92.0,0.0,0.0,,4.0,0.0,,0.0,0.0,,,96.0
2022-01-05 06:45:00+01:00,105.0,0.0,0.0,,0.0,0.0,,0.0,0.0,,,105.0
2022-01-05 07:00:00+01:00,77.0,41.0,0.0,370.0,0.0,0.0,0.0,0.0,0.0,0.0,0.0,488.0
2022-01-05 07:15:00+01:00,74.0,60.0,0.0,,0.0,2.0,,0.0,0.0,,,136.0
2022-01-05 07:30:00+01:00,72.0,46.0,0.0,,0.0,0.0,,0.0,0.0,,,118.0
2022-01-05 07:45:00+01:00,59.0,0.0,18.0,,0.0,0.0,,0.0,0.0,,,77.0
2022-01-05 08:00:00+01:00,129.0,36.0,46.0,671.0,0.0,0.0,0.0,0.0,0.0,0.0,0.0,882.0
2022-01-05 08:15:00+01:00,106.0,23.0,86.0,,0.0,0.0,,0.0,0.0,,,215.0
2022-01-05 08:30:00+01:00,105.0,26.0,110.0,,0.0,0.0,,0.0,0.0,,,241.0
2022-01-05 08:45:00+01:00,101.0,31.0,112.0,,0.0,0.0,,0.0,0.0,,,244.0
2022-01-05 09:00:00+01:00,91.0,13.0,164.0,532.0,0.0,0.0,0.0,0.0,0.0,0.0,0.0,800.0
2022-01-05 09:15:00+01:00,86.0,38.0,147.0,,0.0,0.0,,0.0,0.0,,,271.0
2022-01-05 09:30:00+01:00,85.0,23.0,149.0,,0.0,0.0,,0.0,0.0,,,257.0
2022-01-05 09:45:00+01:00,86.0,35.0,108.0,,0.0,0.0,,0.0,0.0,,,229.0
2022-01-05 10:00:00+01:00,100.0,55.0,92.0,545.0,0.0,0.0,0.0,0.0,0.0,0.0,0.0,792.0
2022-01-05 10:15:00+01:00,99.0,49.0,91.0,,0.0,0.0,,0.0,0.0,,,239.0
2022-01-05 10:30:00+01:00,90.0,51.0,98.0,,0.0,0.0,,0.0,0.0,,,239.0
2022-01-05 10:45:00+01:00,110.0,74.0,72.0,,0.0,0.0,,0.0,0.0,,,256.0
2022-01-05 11:00:00+01:00,76.0,48.0,14.0,460.0,0.0,0.0,0.0,0.0,0.0,0.0,0.0,598.0
2022-01-05 11:15:00+01:00,69.0,70.0,5.0,,0.0,0.0,,0.0,0.0,,,144.0
2022-01-05 11:30:00+01:00,65.0,56.0,7.0,,0.0,0.0,,0.0,0.0,,,128.0
2022-01-05 11:45:00+01:00,67.0,45.0,34.0,,0.0,0.0,,0.0,0.0,,,146.0
2022-01-05 12:00:00+01:00,67.0,112.0,20.0,419.0,0.0,0.0,0.0,0.0,0.0,0.0,0.0,618.0
2022-01-05 12:15:00+01:00,111.0,116.0,1.0,,0.0,0.0,,0.0,0.0,,,228.0
2022-01-05 12:30:00+01:00,111.0,86.0,15.0,,0.0,0.0,,0.0,0.0,,,212.0
2022-01-05 12:45:00+01:00,133.0,111.0,6.0,,0.0,0.0,,0.0,0.0,,,250.0
2022-01-05 13:00:00+01:00,66.0,123.0,0.0,399.0,0.0,0.0,0.0,0.0,0.0,0.0,0.0,588.0
2022-01-05 13:15:00+01:00,61.0,120.0,0.0,,0.0,0.0,,0.0,0.0,,,181.0
2022-01-05 13:30:00+01:00,55.0,81.0,0.0,,0.0,0.0,,0.0,0.0,,,136.0
2022-01-05 13:45:00+01:00,56.0,65.0,0.0,,0.0,0.0,,0.0,0.0,,,121.0
2022-01-05 14:00:00+01:00,56.0,77.0,13.0,449.0,0.0,0.0,0.0,0.0,0.0,0.0,0.0,595.0
2022-01-05 14:15:00+01:00,56.0,89.0,0.0,,0.0,0.0,,0.0,0.0,,,145.0
2022-01-05 14:30:00+01:00,58.0,68.0,0.0,,0.0,0.0,,0.0,0.0,,,126.0
2022-01-05 14:45:00+01:00,59.0,79.0,21.0,,0.0,0.0,,0.0,0.0,,,159.0
2022-01-05 15:00:00+01:00,60.0,145.0,61.0,455.0,0.0,0.0,0.0,0.0,0.0,0.0,0.0,721.0
2022-01-05 15:15:00+01:00,61.0,141.0,0.0,,0.0,0.0,,0.0,0.0,,,202.0
2022-01-05 15:30:00+01:00,69.0,150.0,31.0,,0.0,0.0,,0.0,0.0,,,250.0
2022-01-05 15:45:00+01:00,79.0,151.0,16.0,,0.0,0.0,,0.0,0.0,,,246.0
2022-01-05 16:00:00+01:00,80.0,105.0,0.0,498.0,0.0,0.0,0.0,0.0,0.0,0.0,0.0,683.0
2022-01-05 16:15:00+01:00,78.0,109.0,2.0,,0.0,0.0,,0.0,0.0,,,189.0
2022-01-05 16:30:00+01:00,77.0,64.0,20.0,,0.0,0.0,,0.0,0.0,,,161.0
2022-01-05 16:45:00+01:00,81.0,66.0,106.0,,0.0,0.0,,0.0,0.0,,,253.0
2022-01-05 17:00:00+01:00,143.0,83.0,186.0,646.0,0.0,0.0,0.0,35.0,0.0,0.0,0.0,1093.0
2022-01-05 17:15:00+01:00,187.0,58.0,228.0,,0.0,0.0,,80.0,0.0,,,553.0
2022-01-05 17:30:00+01:00,202.0,0.0,253.0,,0.0,0.0,,81.0,0.0,,,536.0
2022-01-05 17:45:00+01:00,295.0,0.0,295.0,,0.0,0.0,,130.0,0.0,,,720.0
2022-01-05 18:00:00+01:00,349.0,0.0,289.0,856.0,0.0,0.0,0.0,317.0,0.0,0.0,0.0,1811.0
2022-01-05 18:15:00+01:00,381.0,0.0,305.0,,0.0,0.0,,362.0,0.0,,,1048.0
2022-01-05 18:30:00+01:00,388.0,0.0,343.0,,0.0,0.0,,362.0,0.0,,,1093.0
2022-01-05 18:45:00+01:00,388.0,0.0,371.0,,0.0,0.0,,281.0,0.0,,,1040.0
2022-01-05 19:00:00+01:00,546.0,0.0,318.0,1132.0,0.0,190.0,0.0,20.0,0.0,0.0,0.0,2206.0
2022-01-05 19:15:00+01:00,653.0,0.0,291.0,,0.0,282.0,,0.0,0.0,,,1226.0
2022-01-05 19:30:00+01:00,654.0,0.0,285.0,,0.0,282.0,,0.0,0.0,,,1221.0
2022-01-05 19:45:00+01:00,721.0,0.0,252.0,,0.0,306.0,,0.0,0.0,,,1279.0
2022-01-05 20:00:00+01:00,648.0,0.0,287.0,1229.0,0.0,513.0,0.0,0.0,0.0,0.0,0.0,2677.0
2022-01-05 20:15:00+01:00,745.0,0.0,278.0,,0.0,530.0,,0.0,0.0,,,1553.0
2022-01-05 20:30:00+01:00,735.0,0.0,263.0,,0.0,530.0,,0.0,0.0,,,1528.0
2022-01-05 20:45:00+01:00,723.0,0.0,209.0,,0.0,534.0,,0.0,0.0,,,1466.0
2022-01-05 21:00:00+01:00,865.0,0.0,158.0,1374.0,0.0,568.0,0.0,0.0,0.0,0.0,0.0,2965.0
2022-01-05 21:15:00+01:00,879.0,0.0,128.0,,0.0,571.0,,0.0,0.0,,,1578.0
2022-01-05 21:30:00+01:00,952.0,0.0,142.0,,0.0,571.0,,0.0,0.0,,,1665.0
2022-01-05 21:45:00+01:00,1152.0,0.0,116.0,,0.0,572.0,,0.0,0.0,,,1840.0
2022-01-05 22:00:00+01:00,988.0,0.0,238.0,1625.0,0.0,583.0,0.0,0.0,0.0,22.0,0.0,3456.0
2022-01-05 22:15:00+01:00,1167.0,0.0,237.0,,0.0,584.0,,0.0,0.0,,,1988.0
2022-01-05 22:30:00+01:00,1188.0,0.0,266.0,,0.0,584.0,,0.0,0.0,,,2038.0
2022-01-05 22:45:00+01:00,1317.0,24.0,237.0,,0.0,584.0,,0.0,0.0,,,2162.0
2022-01-05 23:00:00+01:00,1100.0,0.0,352.0,1603.0,0.0,584.0,0.0,0.0,0.0,165.0,45.0,3849.0
2022-01-05 23:15:00+01:00,1122.0,0.0,345.0,,0.0,584.0,,0.0,0.0,,,2051.0
2022-01-05 23:30:00+01:00,1134.0,0.0,368.0,,0.0,584.0,,0.0,0.0,,,2086.0
2022-01-05 23:45:00+01:00,1067.0,0.0,292.0,,0.0,584.0,,0.0,0.0,,,1943.0
2022-01-06 00:00:00+01:00,876.0,0.0,266.0,1487.0,12.0,584.0,0.0,0.0,0.0,0.0,507.0,3732.0
2022-01-06 00:15:00+01:00,895.0,0.0,250.0,,37.0,584.0,,0.0,0.0,,,1766.0
2022-01-06 00:30:00+01:00,942.0,0.0,261.0,,53.0,584.0,,0.0,0.0,,,1840.0
2022-01-06 00:45:00+01:00,875.0,0.0,228.0,,24.0,584.0,,0.0,0.0,,,1711.0
2022-01-06 01:00:00+01:00,715.0,0.0,337.0,1494.0,0.0,584.0,0.0,0.0,0.0,0.0,605.0,3735.0
2022-01-06 01:15:00+01:00,779.0,0.0,311.0,,0.0,584.0,,0.0,0.0,,,1674.0
2022-01-06 01:30:00+01:00,935.0,0.0,321.0,,0.0,584.0,,0.0,0.0,,,1840.0
2022-01-06 01:45:00+01:00,1014.0,0.0,334.0,,0.0,584.0,,0.0,0.0,,,1932.0
2022-01-06 02:00:00+01:00,1093.0,0.0,379.0,1673.0,0.0,585.0,0.0,0.0,0.0,1.0,605.0,4336.0
2022-01-06 02:15:00+01:00,1172.0,0.0,363.0,,0.0,584.0,,0.0,0.0,,,2119.0
2022-01-06 02:30:00+01:00,1145.0,0.0,367.0,,0.0,584.0,,0.0,0.0,,,2096.0
2022-01-06 02:45:00+01:00,1108.0,0.0,339.0,,0.0,584.0,,0.0,0.0,,,2031.0
2022-01-06 03:00:00+01:00,1175.0,0.0,282.0,1814.0,0.0,584.0,0.0,0.0,0.0,112.0,605.0,4572.0
2022-01-06 03:15:00+01:00,1083.0,0.0,267.0,,0.0,584.0,,0.0,0.0,,,1934.0
2022-01-06 03:30:00+01:00,1119.0,0.0,252.0,,0.0,584.0,,0.0,0.0,,,1955.0
2022-01-06 03:45:00+01:00,1235.0,0.0,231.0,,0.0,584.0,,0.0,0.0,,,2050.0
2022-01-06 04:00:00+01:00,1476.0,0.0,283.0,1841.0,27.0,584.0,0.0,0.0,0.0,285.0,605.0,5101.0
2022-01-06 04:15:00+01:00,1551.0,0.0,328.0,,80.0,584.0,,0.0,0.0,,,2543.0
2022-01-06 04:30:00+01:00,1491.0,0.0,300.0,,33.0,584.0,,0.0,0.0,,,2408.0
2022-01-06 04:45:00+01:00,1434.0,0.0,339.0,,132.0,584.0,,0.0,0.0,,,2489.0
2022-01-06 05:00:00+01:00,1750.0,0.0,366.0,1787.0,386.0,585.0,0.0,82.0,0.0,290.0,604.0,5850.0
2022-01-06 05:15:00+01:00,1703.0,0.0,380.0,,470.0,590.0,,161.0,0.0,,,3304.0
2022-01-06 05:30:00+01:00,1595.0,0.0,446.0,,328.0,596.0,,161.0,0.0,,,3126.0
2022-01-06 05:45:00+01:00,1470.0,0.0,490.0,,370.0,599.0,,259.0,0.0,,,3188.0
2022-01-06 06:00:00+01:00,1615.0,0.0,336.0,1591.0,566.0,596.0,0.0,653.0,0.0,256.0,604.0,6217.0
2022-01-06 06:15:00+01:00,1459.0,0.0,400.0,,644.0,597.0,,752.0,0.0,,,3852.0
2022-01-06 06:30:00+01:00,1274.0,12.0,437.0,,577.0,596.0,,752.0,0.0,,,3648.0
2022-01-06 06:45:00+01:00,1324.0,7.0,520.0,,559.0,596.0,,791.0,0.0,,,3797.0
2022-01-06 07:00:00+01:00,1948.0,0.0,657.0,1798.0,667.0,586.0,0.0,938.0,0.0,570.0,604.0,7768.0
2022-01-06 07:15:00+01:00,1879.0,0.0,688.0,,771.0,586.0,,973.0,0.0,,,4897.0
2022-01-06 07:30:00+01:00,1857.0,0.0,699.0,,660.0,586.0,,973.0,4.0,,,4779.0
2022-01-06 07:45:00+01:00,1905.0,0.0,757.0,,672.0,584.0,,990.0,2.0,,,4910.0
2022-01-06 08:00:00+01:00,2270.0,0.0,854.0,2417.0,797.0,589.0,0.0,1050.0,10.0,809.0,603.0,9399.0
2022-01-06 08:15:00+01:00,2143.0,0.0,876.0,,773.0,594.0,,1063.0,1.0,,,5450.0
2022-01-06 08:30:00+01:00,2001.0,0.0,892.0,,659.0,584.0,,1063.0,7.0,,,5206.0
2022-01-06 08:45:00+01:00,2077.0,0.0,912.0,,717.0,584.0,,1067.0,51.0,,,5408.0
2022-01-06 09:00:00+01:00,2077.0,0.0,899.0,2775.0,742.0,584.0,0.0,1080.0,79.0,290.0,603.0,9129.0
2022-01-06 09:15:00+01:00,2081.0,0.0,884.0,,713.0,584.0,,1084.0,123.0,,,5469.0
2022-01-06 09:30:00+01:00,2125.0,0.0,873.0,,731.0,584.0,,1083.0,192.0,,,5588.0
2022-01-06 09:45:00+01:00,2151.0,0.0,861.0,,741.0,585.0,,1104.0,222.0,,,5664.0
2022-01-06 10:00:00+01:00,2031.0,14.0,838.0,2600.0,768.0,584.0,0.0,1177.0,302.0,73.0,603.0,8990.0
2022-01-06 10:15:00+01:00,2000.0,0.0,790.0,,656.0,584.0,,1194.0,359.0,,,5583.0
2022-01-06 10:30:00+01:00,2030.0,0.0,816.0,,702.0,585.0,,1194.0,319.0,,,5646.0
2022-01-06 10:45:00+01:00,1971.0,0.0,795.0,,696.0,584.0,,1214.0,286.0,,,5546.0
2022-01-06 11:00:00+01:00,1849.0,0.0,661.0,2425.0,706.0,584.0,0.0,1287.0,424.0,3.0,603.0,8542.0
2022-01-06 11:15:00+01:00,1799.0,0.0,619.0,,657.0,584.0,,1304.0,616.0,,,5579.0
2022-01-06 11:30:00+01:00,1790.0,26.0,628.0,,720.0,585.0,,1304.0,469.0,,,5522.0
2022-01-06 11:45:00+01:00,1942.0,9.0,646.0,,672.0,724.0,,1322.0,396.0,,,5711.0
2022-01-06 12:00:00+01:00,1717.0,44.0,556.0,2405.0,723.0,744.0,0.0,1389.0,396.0,17.0,603.0,8594.0
2022-01-06 12:15:00+01:00,1657.0,47.0,529.0,,694.0,744.0,,1404.0,490.0,,,5565.0
2022-01-06 12:30:00+01:00,1668.0,44.0,545.0,,693.0,745.0,,1404.0,473.0,,,5572.0
2022-01-06 12:45:00+01:00,1659.0,41.0,513.0,,687.0,744.0,,1314.0,499.0,,,5457.0
2022-01-06 13:00:00+01:00,1347.0,113.0,381.0,2046.0,634.0,744.0,0.0,957.0,492.0,217.0,603.0,7534.0
2022-01-06 13:15:00+01:00,1324.0,121.0,344.0,,596.0,727.0,,868.0,572.0,,,4552.0
2022-01-06 13:30:00+01:00,1318.0,125.0,347.0,,626.0,654.0,,868.0,578.0,,,4516.0
2022-01-06 13:45:00+01:00,1359.0,128.0,352.0,,547.0,637.0,,889.0,556.0,,,4468.0
2022-01-06 14:00:00+01:00,1530.0,138.0,357.0,2092.0,521.0,488.0,1.0,967.0,509.0,437.0,604.0,7644.0
2022-01-06 14:15:00+01:00,1486.0,158.0,315.0,,386.0,475.0,,985.0,544.0,,,4349.0
2022-01-06 14:30:00+01:00,1536.0,170.0,317.0,,512.0,475.0,,985.0,544.0,,,4539.0
2022-01-06 14:45:00+01:00,1518.0,183.0,289.0,,538.0,456.0,,897.0,597.0,,,4478.0
2022-01-06 15:00:00+01:00,1874.0,176.0,306.0,2204.0,454.0,291.0,204.0,545.0,769.0,533.0,215.0,7571.0
2022-01-06 15:15:00+01:00,1764.0,191.0,290.0,,576.0,278.0,,458.0,775.0,,,4332.0
2022-01-06 15:30:00+01:00,1703.0,207.0,284.0,,617.0,278.0,,458.0,790.0,,,4337.0
2022-01-06 15:45:00+01:00,1652.0,200.0,298.0,,680.0,283.0,,421.0,768.0,,,4302.0
2022-01-06 16:00:00+01:00,2170.0,168.0,347.0,2127.0,653.0,321.0,162.0,283.0,773.0,520.0,7.0,7531.0
2022-01-06 16:15:00+01:00,2108.0,211.0,357.0,,648.0,324.0,,251.0,607.0,,,4506.0
2022-01-06 16:30:00+01:00,2040.0,204.0,348.0,,615.0,324.0,,251.0,552.0,,,4334.0
2022-01-06 16:45:00+01:00,1821.0,199.0,353.0,,691.0,317.0,,296.0,480.0,,,4157.0
2022-01-06 17:00:00+01:00,1861.0,221.0,422.0,1993.0,679.0,260.0,154.0,469.0,415.0,325.0,0.0,6799.0
2022-01-06 17:15:00+01:00,1844.0,239.0,443.0,,659.0,255.0,,510.0,345.0,,,4295.0
2022-01-06 17:30:00+01:00,1811.0,227.0,450.0,,670.0,255.0,,510.0,178.0,,,4101.0
2022-01-06 17:45:00+01:00,1806.0,229.0,441.0,,604.0,349.0,,610.0,91.0,,,4130.0
2022-01-06 18:00:00+01:00,1579.0,228.0,474.0,1637.0,563.0,687.0,0.0,1012.0,0.0,11.0,0.0,6191.0
2022-01-06 18:15:00+01:00,1574.0,191.0,494.0,,558.0,768.0,,1112.0,0.0,,,4697.0
2022-01-06 18:30:00+01:00,1659.0,176.0,478.0,,776.0,767.0,,1112.0,0.0,,,4968.0
2022-01-06 18:45:00+01:00,1652.0,149.0,427.0,,930.0,773.0,,1100.0,0.0,,,5031.0
2022-01-06 19:00:00+01:00,1466.0,102.0,400.0,1396.0,1019.0,796.0,0.0,1054.0,0.0,0.0,462.0,6695.0
2022-01-06 19:15:00+01:00,1623.0,107.0,354.0,,682.0,794.0,,1043.0,0.0,,,4603.0
2022-01-06 19:30:00+01:00,1648.0,114.0,309.0,,581.0,773.0,,1043.0,0.0,,,4468.0
2022-01-06 19:45:00+01:00,1782.0,96.0,266.0,,747.0,754.0,,996.0,0.0,,,4641.0
2022-01-06 20:00:00+01:00,1207.0,249.0,183.0,1388.0,663.0,754.0,0.0,815.0,0.0,0.0,601.0,5860.0
2022-01-06 20:15:00+01:00,1192.0,275.0,128.0,,812.0,743.0,,772.0,0.0,,,3922.0
2022-01-06 20:30:00+01:00,1196.0,287.0,97.0,,938.0,751.0,,772.0,0.0,,,4041.0
2022-01-06 20:45:00+01:00,1222.0,291.0,107.0,,688.0,742.0,,740.0,0.0,,,3790.0
2022-01-06 21:00:00+01:00,721.0,400.0,121.0,1400.0,140.0,688.0,0.0,619.0,0.0,0.0,398.0,4487.0
2022-01-06 21:15:00+01:00,783.0,395.0,74.0,,50.0,668.0,,591.0,0.0,,,2561.0
2022-01-06 21:30:00+01:00,870.0,385.0,74.0,,49.0,668.0,,591.0,0.0,,,2637.0
2022-01-06 21:45:00+01:00,855.0,365.0,49.0,,188.0,676.0,,563.0,0.0,,,2696.0
2022-01-06 22:00:00+01:00,353.0,297.0,39.0,1237.0,8.0,728.0,0.0,456.0,0.0,0.0,585.0,3703.0
2022-01-06 22:15:00+01:00,291.0,312.0,0.0,,0.0,752.0,,431.0,0.0,,,1786.0
2022-01-06 22:30:00+01:00,375.0,299.0,0.0,,0.0,751.0,,431.0,0.0,,,1856.0
2022-01-06 22:45:00+01:00,439.0,336.0,0.0,,0.0,750.0,,331.0,0.0,,,1856.0
2022-01-06 23:00:00+01:00,352.0,378.0,0.0,1249.0,0.0,742.0,1.0,19.0,0.0,0.0,111.0,2852.0
2022-01-06 23:15:00+01:00,365.0,394.0,0.0,,0.0,742.0,,0.0,0.0,,,1501.0
2022-01-06 23:30:00+01:00,365.0,376.0,0.0,,0.0,733.0,,0.0,0.0,,,1474.0
2022-01-06 23:45:00+01:00,429.0,469.0,0.0,,0.0,626.0,,0.0,0.0,,,1524.0
