,Solar,Wind Offshore,Wind Onshore
2022-01-01 00:00:00+01:00,0.0,5973.0,25931.0
2022-01-01 00:15:00+01:00,0.0,5944.0,25718.0
2022-01-01 00:30:00+01:00,0.0,5914.0,25497.0
2022-01-01 00:45:00+01:00,0.0,5881.0,25265.0
2022-01-01 01:00:00+01:00,0.0,5910.0,25027.0
2022-01-01 01:15:00+01:00,0.0,5865.0,24767.0
2022-01-01 01:30:00+01:00,0.0,5811.0,24498.0
2022-01-01 01:45:00+01:00,0.0,5753.0,24219.0
2022-01-01 02:00:00+01:00,0.0,5690.0,23925.0
2022-01-01 02:15:00+01:00,0.0,5618.0,23633.0
2022-01-01 02:30:00+01:00,0.0,5542.0,23328.0
2022-01-01 02:45:00+01:00,0.0,5468.0,23017.0
2022-01-01 03:00:00+01:00,0.0,5392.0,22713.0
2022-01-01 03:15:00+01:00,0.0,5317.0,22454.0
2022-01-01 03:30:00+01:00,0.0,5243.0,22201.0
2022-01-01 03:45:00+01:00,0.0,5162.0,21948.0
2022-01-01 04:00:00+01:00,0.0,5084.0,21693.0
2022-01-01 04:15:00+01:00,0.0,5007.0,21423.0
2022-01-01 04:30:00+01:00,0.0,4929.0,21153.0
2022-01-01 04:45:00+01:00,0.0,4851.0,20882.0
2022-01-01 05:00:00+01:00,0.0,4739.0,20626.0
2022-01-01 05:15:00+01:00,0.0,4682.0,20337.0
2022-01-01 05:30:00+01:00,0.0,4618.0,20048.0
2022-01-01 05:45:00+01:00,0.0,4559.0,19757.0
2022-01-01 06:00:00+01:00,0.0,4492.0,19722.0
2022-01-01 06:15:00+01:00,0.0,4443.0,19452.0
2022-01-01 06:30:00+01:00,0.0,4391.0,19173.0
2022-01-01 06:45:00+01:00,0.0,4339.0,18891.0
2022-01-01 07:00:00+01:00,0.0,4278.0,18594.0
2022-01-01 07:15:00+01:00,0.0,4207.0,18308.0
2022-01-01 07:30:00+01:00,0.0,4132.0,18023.0
2022-01-01 07:45:00+01:00,0.0,4058.0,17746.0
2022-01-01 08:00:00+01:00,17.0,3989.0,17457.0
2022-01-01 08:15:00+01:00,103.0,3919.0,17134.0
2022-01-01 08:30:00+01:00,439.0,3846.0,16798.0
2022-01-01 08:45:00+01:00,783.0,3773.0,16455.0
2022-01-01 09:00:00+01:00,1224.0,3710.0,16080.0
2022-01-01 09:15:00+01:00,1732.0,3712.0,15680.0
2022-01-01 09:30:00+01:00,2300.0,3713.0,15265.0
2022-01-01 09:45:00+01:00,2871.0,3711.0,14843.0
2022-01-01 10:00:00+01:00,3445.0,3738.0,14444.0
2022-01-01 10:15:00+01:00,4003.0,3831.0,13996.0
2022-01-01 10:30:00+01:00,4541.0,3928.0,13548.0
2022-01-01 10:45:00+01:00,5046.0,4011.0,13107.0
2022-01-01 11:00:00+01:00,5516.0,4078.0,12670.0
2022-01-01 11:15:00+01:00,5947.0,4124.0,12297.0
2022-01-01 11:30:00+01:00,6301.0,4161.0,11925.0
2022-01-01 11:45:00+01:00,6577.0,4207.0,11565.0
2022-01-01 12:00:00+01:00,6796.0,4263.0,11212.0
2022-01-01 12:15:00+01:00,6942.0,4345.0,10806.0
2022-01-01 12:30:00+01:00,6979.0,4432.0,10408.0
2022-01-01 12:45:00+01:00,6924.0,4524.0,10019.0
2022-01-01 13:00:00+01:00,6793.0,4607.0,9653.0
2022-01-01 13:15:00+01:00,6536.0,4714.0,9279.0
2022-01-01 13:30:00+01:00,6236.0,4823.0,8911.0
2022-01-01 13:45:00+01:00,5853.0,4929.0,8551.0
2022-01-01 14:00:00+01:00,5400.0,5025.0,8227.0
2022-01-01 14:15:00+01:00,4891.0,5100.0,8058.0
2022-01-01 14:30:00+01:00,4295.0,5172.0,7893.0
2022-01-01 14:45:00+01:00,3635.0,5243.0,7731.0
2022-01-01 15:00:00+01:00,2945.0,5213.0,7582.0
2022-01-01 15:15:00+01:00,2254.0,5270.0,7618.0
2022-01-01 15:30:00+01:00,1564.0,5316.0,7668.0
2022-01-01 15:45:00+01:00,957.0,5368.0,7728.0
2022-01-01 16:00:00+01:00,455.0,5413.0,7810.0
2022-01-01 16:15:00+01:00,224.0,5455.0,8130.0
2022-01-01 16:30:00+01:00,34.0,5498.0,8448.0
2022-01-01 16:45:00+01:00,10.0,5544.0,8765.0
2022-01-01 17:00:00+01:00,0.0,5586.0,9072.0
2022-01-01 17:15:00+01:00,0.0,5617.0,9468.0
2022-01-01 17:30:00+01:00,0.0,5653.0,9847.0
2022-01-01 17:45:00+01:00,0.0,5684.0,10236.0
2022-01-01 18:00:00+01:00,0.0,5921.0,10609.0
2022-01-01 18:15:00+01:00,0.0,5601.0,10986.0
2022-01-01 18:30:00+01:00,0.0,5631.0,11365.0
2022-01-01 18:45:00+01:00,0.0,5663.0,11740.0
2022-01-01 19:00:00+01:00,0.0,5691.0,12098.0
2022-01-01 19:15:00+01:00,0.0,5716.0,12419.0
2022-01-01 19:30:00+01:00,0.0,5744.0,12739.0
2022-01-01 19:45:00+01:00,0.0,5774.0,13059.0
2022-01-01 20:00:00+01:00,0.0,5806.0,13371.0
2022-01-01 20:15:00+01:00,0.0,5839.0,13660.0
2022-01-01 20:30:00+01:00,0.0,5874.0,13948.0
2022-01-01 20:45:00+01:00,0.0,5908.0,14228.0
2022-01-01 21:00:00+01:00,0.0,5945.0,14517.0
2022-01-01 21:15:00+01:00,0.0,5982.0,14811.0
2022-01-01 21:30:00+01:00,0.0,6018.0,15107.0
2022-01-01 21:45:00+01:00,0.0,6057.0,15410.0
2022-01-01 22:00:00+01:00,0.0,6118.0,15479.0
2022-01-01 22:15:00+01:00,0.0,6138.0,15702.0
2022-01-01 22:30:00+01:00,0.0,6157.0,15933.0
2022-01-01 22:45:00+01:00,0.0,6173.0,16179.0
2022-01-01 23:00:00+01:00,0.0,6184.0,16430.0
2022-01-01 23:15:00+01:00,0.0,6183.0,16684.0
2022-01-01 23:30:00+01:00,0.0,6183.0,16943.0
2022-01-01 23:45:00+01:00,0.0,6178.0,17199.0
2022-01-02 00:00:00+01:00,0.0,6409.0,17309.0
2022-01-02 00:15:00+01:00,0.0,6397.0,17402.0
2022-01-02 00:30:00+01:00,0.0,6385.0,17475.0
2022-01-02 00:45:00+01:00,0.0,6366.0,17562.0
2022-01-02 01:00:00+01:00,0.0,6168.0,17642.0
2022-01-02 01:15:00+01:00,0.0,6151.0,17695.0
2022-01-02 01:30:00+01:00,0.0,6134.0,17737.0
2022-01-02 01:45:00+01:00,0.0,6111.0,17772.0
2022-01-02 02:00:00+01:00,0.0,6091.0,17807.0
2022-01-02 02:15:00+01:00,0.0,6073.0,17862.0
2022-01-02 02:30:00+01:00,0.0,6047.0,17908.0
2022-01-02 02:45:00+01:00,0.0,6023.0,17956.0
2022-01-02 03:00:00+01:00,0.0,5989.0,17995.0
2022-01-02 03:15:00+01:00,0.0,5953.0,18030.0
2022-01-02 03:30:00+01:00,0.0,5914.0,18076.0
2022-01-02 03:45:00+01:00,0.0,5871.0,18118.0
2022-01-02 04:00:00+01:00,0.0,5826.0,18155.0
2022-01-02 04:15:00+01:00,0.0,5783.0,18126.0
2022-01-02 04:30:00+01:00,0.0,5738.0,18101.0
2022-01-02 04:45:00+01:00,0.0,5689.0,18080.0
2022-01-02 05:00:00+01:00,0.0,5641.0,18064.0
2022-01-02 05:15:00+01:00,0.0,5607.0,18093.0
2022-01-02 05:30:00+01:00,0.0,5568.0,18125.0
2022-01-02 05:45:00+01:00,0.0,5520.0,18157.0
2022-01-02 06:00:00+01:00,0.0,5478.0,18442.0
2022-01-02 06:15:00+01:00,0.0,5424.0,18552.0
2022-01-02 06:30:00+01:00,0.0,5371.0,18663.0
2022-01-02 06:45:00+01:00,0.0,5309.0,18772.0
2022-01-02 07:00:00+01:00,0.0,5256.0,18892.0
2022-01-02 07:15:00+01:00,0.0,5250.0,19057.0
2022-01-02 07:30:00+01:00,0.0,5244.0,19230.0
2022-01-02 07:45:00+01:00,0.0,5235.0,19412.0
2022-01-02 08:00:00+01:00,14.0,5212.0,19614.0
2022-01-02 08:15:00+01:00,84.0,5175.0,19860.0
2022-01-02 08:30:00+01:00,377.0,5136.0,20118.0
2022-01-02 08:45:00+01:00,660.0,5098.0,20374.0
2022-01-02 09:00:00+01:00,1023.0,5060.0,20668.0
2022-01-02 09:15:00+01:00,1443.0,5066.0,20958.0
2022-01-02 09:30:00+01:00,1901.0,5069.0,21291.0
2022-01-02 09:45:00+01:00,2390.0,5059.0,21620.0
2022-01-02 10:00:00+01:00,2816.0,5060.0,21928.0
2022-01-02 10:15:00+01:00,3230.0,5125.0,22206.0
2022-01-02 10:30:00+01:00,3621.0,5176.0,22448.0
2022-01-02 10:45:00+01:00,3976.0,5219.0,22668.0
2022-01-02 11:00:00+01:00,4294.0,5248.0,22886.0
2022-01-02 11:15:00+01:00,4588.0,5310.0,23396.0
2022-01-02 11:30:00+01:00,4788.0,5362.0,23908.0
2022-01-02 11:45:00+01:00,4899.0,5413.0,24391.0
2022-01-02 12:00:00+01:00,4970.0,5453.0,24815.0
2022-01-02 12:15:00+01:00,5004.0,5481.0,25351.0
2022-01-02 12:30:00+01:00,4940.0,5507.0,25883.0
2022-01-02 12:45:00+01:00,4789.0,5531.0,26429.0
2022-01-02 13:00:00+01:00,4620.0,5557.0,27033.0
2022-01-02 13:15:00+01:00,4432.0,5583.0,27646.0
2022-01-02 13:30:00+01:00,4205.0,5607.0,28201.0
2022-01-02 13:45:00+01:00,3911.0,5631.0,28739.0
2022-01-02 14:00:00+01:00,3616.0,5652.0,29242.0
2022-01-02 14:15:00+01:00,3302.0,5621.0,29832.0
2022-01-02 14:30:00+01:00,2898.0,5659.0,30451.0
2022-01-02 14:45:00+01:00,2446.0,5697.0,31036.0
2022-01-02 15:00:00+01:00,1962.0,5726.0,31572.0
2022-01-02 15:15:00+01:00,1498.0,5738.0,32014.0
2022-01-02 15:30:00+01:00,1051.0,5744.0,32440.0
2022-01-02 15:45:00+01:00,657.0,5748.0,32824.0
2022-01-02 16:00:00+01:00,358.0,5750.0,33174.0
2022-01-02 16:15:00+01:00,152.0,5808.0,33418.0
2022-01-02 16:30:00+01:00,33.0,5863.0,33650.0
2022-01-02 16:45:00+01:00,9.0,5910.0,33888.0
2022-01-02 17:00:00+01:00,0.0,5957.0,34099.0
2022-01-02 17:15:00+01:00,0.0,5998.0,34211.0
2022-01-02 17:30:00+01:00,0.0,6035.0,34314.0
2022-01-02 17:45:00+01:00,0.0,6072.0,34422.0
2022-01-02 18:00:00+01:00,0.0,6101.0,34507.0
2022-01-02 18:15:00+01:00,0.0,6132.0,34539.0
2022-01-02 18:30:00+01:00,0.0,6160.0,34568.0
2022-01-02 18:45:00+01:00,0.0,6191.0,34583.0
2022-01-02 19:00:00+01:00,0.0,6210.0,34598.0
2022-01-02 19:15:00+01:00,0.0,6236.0,34519.0
2022-01-02 19:30:00+01:00,0.0,6257.0,34442.0
2022-01-02 19:45:00+01:00,0.0,6281.0,34323.0
2022-01-02 20:00:00+01:00,0.0,6329.0,34178.0
2022-01-02 20:15:00+01:00,0.0,6324.0,33977.0
2022-01-02 20:30:00+01:00,0.0,6322.0,33847.0
2022-01-02 20:45:00+01:00,0.0,6319.0,33716.0
2022-01-02 21:00:00+01:00,0.0,6316.0,33587.0
2022-01-02 21:15:00+01:00,0.0,6313.0,33457.0
2022-01-02 21:30:00+01:00,0.0,6307.0,33318.0
2022-01-02 21:45:00+01:00,0.0,6301.0,33125.0
2022-01-02 22:00:00+01:00,0.0,6298.0,32341.0
2022-01-02 22:15:00+01:00,0.0,6305.0,32096.0
2022-01-02 22:30:00+01:00,0.0,6311.0,31983.0
2022-01-02 22:45:00+01:00,0.0,6316.0,31846.0
2022-01-02 23:00:00+01:00,0.0,6324.0,31698.0
2022-01-02 23:15:00+01:00,0.0,6343.0,31618.0
2022-01-02 23:30:00+01:00,0.0,6364.0,31538.0
2022-01-02 23:45:00+01:00,0.0,6377.0,31431.0
2022-01-03 00:00:00+01:00,0.0,6291.0,30241.0
2022-01-03 00:15:00+01:00,0.0,6377.0,30266.0
2022-01-03 00:30:00+01:00,0.0,6456.0,30226.0
2022-01-03 00:45:00+01:00,0.0,6368.0,30157.0
2022-01-03 01:00:00+01:00,0.0,6323.0,30073.0
2022-01-03 01:15:00+01:00,0.0,6349.0,30138.0
2022-01-03 01:30:00+01:00,0.0,6375.0,30335.0
2022-01-03 01:45:00+01:00,0.0,6396.0,30558.0
2022-01-03 02:00:00+01:00,0.0,6412.0,30773.0
2022-01-03 02:15:00+01:00,0.0,6427.0,31006.0
2022-01-03 02:30:00+01:00,0.0,6430.0,31234.0
2022-01-03 02:45:00+01:00,0.0,6436.0,31466.0
2022-01-03 03:00:00+01:00,0.0,6439.0,31679.0
2022-01-03 03:15:00+01:00,0.0,6431.0,31829.0
2022-01-03 03:30:00+01:00,0.0,6426.0,32012.0
2022-01-03 03:45:00+01:00,0.0,6417.0,32176.0
2022-01-03 04:00:00+01:00,0.0,6405.0,32324.0
2022-01-03 04:15:00+01:00,0.0,6411.0,32440.0
2022-01-03 04:30:00+01:00,0.0,6415.0,32545.0
2022-01-03 04:45:00+01:00,0.0,6346.0,32793.0
2022-01-03 05:00:00+01:00,0.0,6268.0,33051.0
2022-01-03 05:15:00+01:00,0.0,6275.0,33233.0
2022-01-03 05:30:00+01:00,0.0,6285.0,33366.0
2022-01-03 05:45:00+01:00,0.0,6159.0,33497.0
2022-01-03 06:00:00+01:00,0.0,6146.0,34186.0
2022-01-03 06:15:00+01:00,0.0,6155.0,34422.0
2022-01-03 06:30:00+01:00,0.0,6161.0,34592.0
2022-01-03 06:45:00+01:00,0.0,6169.0,34626.0
2022-01-03 07:00:00+01:00,0.0,6179.0,34672.0
2022-01-03 07:15:00+01:00,0.0,6186.0,34675.0
2022-01-03 07:30:00+01:00,0.0,6195.0,34688.0
2022-01-03 07:45:00+01:00,0.0,6198.0,34712.0
2022-01-03 08:00:00+01:00,6.0,6178.0,34720.0
2022-01-03 08:15:00+01:00,46.0,6182.0,34686.0
2022-01-03 08:30:00+01:00,317.0,6183.0,34646.0
2022-01-03 08:45:00+01:00,561.0,6185.0,34610.0
2022-01-03 09:00:00+01:00,890.0,6189.0,34580.0
2022-01-03 09:15:00+01:00,1296.0,6194.0,34564.0
2022-01-03 09:30:00+01:00,1745.0,6193.0,34557.0
2022-01-03 09:45:00+01:00,2220.0,6198.0,34565.0
2022-01-03 10:00:00+01:00,2694.0,6198.0,34572.0
2022-01-03 10:15:00+01:00,3167.0,6199.0,34645.0
2022-01-03 10:30:00+01:00,3624.0,6199.0,34723.0
2022-01-03 10:45:00+01:00,4051.0,6199.0,34797.0
2022-01-03 11:00:00+01:00,4490.0,6200.0,34861.0
2022-01-03 11:15:00+01:00,4858.0,6201.0,34979.0
2022-01-03 11:30:00+01:00,5140.0,6200.0,35098.0
2022-01-03 11:45:00+01:00,5335.0,6199.0,35198.0
2022-01-03 12:00:00+01:00,5467.0,6197.0,35292.0
2022-01-03 12:15:00+01:00,5555.0,6199.0,35290.0
2022-01-03 12:30:00+01:00,5555.0,6200.0,35285.0
2022-01-03 12:45:00+01:00,5490.0,6197.0,35270.0
2022-01-03 13:00:00+01:00,5345.0,6195.0,35243.0
2022-01-03 13:15:00+01:00,5184.0,6195.0,35097.0
2022-01-03 13:30:00+01:00,4917.0,6194.0,34945.0
2022-01-03 13:45:00+01:00,4563.0,6193.0,34786.0
2022-01-03 14:00:00+01:00,4173.0,6196.0,34620.0
2022-01-03 14:15:00+01:00,3679.0,6202.0,34339.0
2022-01-03 14:30:00+01:00,3193.0,6203.0,34042.0
2022-01-03 14:45:00+01:00,2662.0,6206.0,33734.0
2022-01-03 15:00:00+01:00,2087.0,6262.0,33405.0
2022-01-03 15:15:00+01:00,1549.0,6263.0,33104.0
2022-01-03 15:30:00+01:00,1044.0,6263.0,32788.0
2022-01-03 15:45:00+01:00,627.0,6263.0,32475.0
2022-01-03 16:00:00+01:00,337.0,6265.0,32181.0
2022-01-03 16:15:00+01:00,123.0,6255.0,32080.0
2022-01-03 16:30:00+01:00,13.0,6259.0,31975.0
2022-01-03 16:45:00+01:00,4.0,6264.0,31864.0
2022-01-03 17:00:00+01:00,0.0,6236.0,31750.0
2022-01-03 17:15:00+01:00,0.0,6237.0,31708.0
2022-01-03 17:30:00+01:00,0.0,6234.0,31657.0
2022-01-03 17:45:00+01:00,0.0,6234.0,31606.0
2022-01-03 18:00:00+01:00,0.0,6223.0,31561.0
2022-01-03 18:15:00+01:00,0.0,6213.0,31495.0
2022-01-03 18:30:00+01:00,0.0,6187.0,31422.0
2022-01-03 18:45:00+01:00,0.0,6164.0,31338.0
2022-01-03 19:00:00+01:00,0.0,6135.0,31240.0
2022-01-03 19:15:00+01:00,0.0,6101.0,31077.0
2022-01-03 19:30:00+01:00,0.0,6019.0,30907.0
2022-01-03 19:45:00+01:00,0.0,5987.0,30733.0
2022-01-03 20:00:00+01:00,0.0,5953.0,30552.0
2022-01-03 20:15:00+01:00,0.0,5912.0,30312.0
2022-01-03 20:30:00+01:00,0.0,5929.0,30064.0
2022-01-03 20:45:00+01:00,0.0,5882.0,29807.0
2022-01-03 21:00:00+01:00,0.0,5839.0,29550.0
2022-01-03 21:15:00+01:00,0.0,5785.0,29248.0
2022-01-03 21:30:00+01:00,0.0,5726.0,28934.0
2022-01-03 21:45:00+01:00,0.0,5663.0,28621.0
2022-01-03 22:00:00+01:00,0.0,5671.0,27807.0
2022-01-03 22:15:00+01:00,0.0,5563.0,27424.0
2022-01-03 22:30:00+01:00,0.0,5442.0,27026.0
2022-01-03 22:45:00+01:00,0.0,5319.0,26613.0
2022-01-03 23:00:00+01:00,0.0,5159.0,26195.0
2022-01-03 23:15:00+01:00,0.0,5029.0,25788.0
2022-01-03 23:30:00+01:00,0.0,4907.0,25379.0
2022-01-03 23:45:00+01:00,0.0,4792.0,24965.0
2022-01-04 00:00:00+01:00,0.0,4941.0,23093.0
2022-01-04 00:15:00+01:00,0.0,4687.0,22666.0
2022-01-04 00:30:00+01:00,0.0,4426.0,22269.0
2022-01-04 00:45:00+01:00,0.0,4174.0,21869.0
2022-01-04 01:00:00+01:00,0.0,3713.0,21473.0
2022-01-04 01:15:00+01:00,0.0,3569.0,21060.0
2022-01-04 01:30:00+01:00,0.0,3419.0,20640.0
2022-01-04 01:45:00+01:00,0.0,3259.0,20226.0
2022-01-04 02:00:00+01:00,0.0,3098.0,19784.0
2022-01-04 02:15:00+01:00,0.0,2974.0,19320.0
2022-01-04 02:30:00+01:00,0.0,2905.0,18838.0
2022-01-04 02:45:00+01:00,0.0,2689.0,18350.0
2022-01-04 03:00:00+01:00,0.0,2487.0,17872.0
2022-01-04 03:15:00+01:00,0.0,2347.0,17417.0
2022-01-04 03:30:00+01:00,0.0,2209.0,16956.0
2022-01-04 03:45:00+01:00,0.0,2072.0,16504.0
2022-01-04 04:00:00+01:00,0.0,1952.0,16061.0
2022-01-04 04:15:00+01:00,0.0,1891.0,15571.0
2022-01-04 04:30:00+01:00,0.0,1817.0,15093.0
2022-01-04 04:45:00+01:00,0.0,1739.0,14632.0
2022-01-04 05:00:00+01:00,0.0,1684.0,14189.0
2022-01-04 05:15:00+01:00,0.0,1671.0,13801.0
2022-01-04 05:30:00+01:00,0.0,1663.0,13404.0
2022-01-04 05:45:00+01:00,0.0,1651.0,13015.0
2022-01-04 06:00:00+01:00,0.0,1632.0,12740.0
2022-01-04 06:15:00+01:00,0.0,1640.0,12434.0
2022-01-04 06:30:00+01:00,0.0,1643.0,12136.0
2022-01-04 06:45:00+01:00,0.0,1646.0,11840.0
2022-01-04 07:00:00+01:00,0.0,1654.0,11548.0
2022-01-04 07:15:00+01:00,0.0,1652.0,11272.0
2022-01-04 07:30:00+01:00,0.0,1652.0,11009.0
2022-01-04 07:45:00+01:00,0.0,1647.0,10763.0
2022-01-04 08:00:00+01:00,2.0,1653.0,10519.0
2022-01-04 08:15:00+01:00,19.0,1666.0,10309.0
2022-01-04 08:30:00+01:00,158.0,1681.0,10101.0
2022-01-04 08:45:00+01:00,254.0,1706.0,9892.0
2022-01-04 09:00:00+01:00,380.0,1742.0,9697.0
2022-01-04 09:15:00+01:00,511.0,1804.0,9543.0
2022-01-04 09:30:00+01:00,671.0,1875.0,9415.0
2022-01-04 09:45:00+01:00,847.0,1934.0,9299.0
2022-01-04 10:00:00+01:00,1024.0,2017.0,9170.0
2022-01-04 10:15:00+01:00,1183.0,2119.0,9055.0
2022-01-04 10:30:00+01:00,1346.0,2226.0,8948.0
2022-01-04 10:45:00+01:00,1507.0,2332.0,8840.0
2022-01-04 11:00:00+01:00,1675.0,2454.0,8754.0
2022-01-04 11:15:00+01:00,1831.0,2595.0,8742.0
2022-01-04 11:30:00+01:00,1986.0,2736.0,8737.0
2022-01-04 11:45:00+01:00,2121.0,2881.0,8740.0
2022-01-04 12:00:00+01:00,2249.0,3020.0,8746.0
2022-01-04 12:15:00+01:00,2378.0,3161.0,8844.0
2022-01-04 12:30:00+01:00,2448.0,3312.0,8945.0
2022-01-04 12:45:00+01:00,2455.0,3463.0,9062.0
2022-01-04 13:00:00+01:00,2434.0,3624.0,9184.0
2022-01-04 13:15:00+01:00,2410.0,3783.0,9289.0
2022-01-04 13:30:00+01:00,2309.0,3942.0,9400.0
2022-01-04 13:45:00+01:00,2157.0,4094.0,9525.0
2022-01-04 14:00:00+01:00,1978.0,4239.0,9642.0
2022-01-04 14:15:00+01:00,1780.0,4382.0,9814.0
2022-01-04 14:30:00+01:00,1540.0,4526.0,9983.0
2022-01-04 14:45:00+01:00,1284.0,4664.0,10162.0
2022-01-04 15:00:00+01:00,1011.0,4783.0,10384.0
2022-01-04 15:15:00+01:00,770.0,4869.0,10576.0
2022-01-04 15:30:00+01:00,539.0,4958.0,10735.0
2022-01-04 15:45:00+01:00,351.0,5046.0,10909.0
2022-01-04 16:00:00+01:00,207.0,5131.0,11107.0
2022-01-04 16:15:00+01:00,98.0,5201.0,11299.0
2022-01-04 16:30:00+01:00,10.0,5261.0,11497.0
2022-01-04 16:45:00+01:00,2.0,5335.0,11696.0
2022-01-04 17:00:00+01:00,0.0,5403.0,11913.0
2022-01-04 17:15:00+01:00,0.0,5467.0,12230.0
2022-01-04 17:30:00+01:00,0.0,5528.0,12555.0
2022-01-04 17:45:00+01:00,0.0,5590.0,12884.0
2022-01-04 18:00:00+01:00,0.0,5647.0,13206.0
2022-01-04 18:15:00+01:00,0.0,5687.0,13587.0
2022-01-04 18:30:00+01:00,0.0,5726.0,13977.0
2022-01-04 18:45:00+01:00,0.0,5696.0,14362.0
2022-01-04 19:00:00+01:00,0.0,5729.0,14757.0
2022-01-04 19:15:00+01:00,0.0,5784.0,15044.0
2022-01-04 19:30:00+01:00,0.0,5837.0,15337.0
2022-01-04 19:45:00+01:00,0.0,5890.0,15618.0
2022-01-04 20:00:00+01:00,0.0,5934.0,15888.0
2022-01-04 20:15:00+01:00,0.0,5974.0,16242.0
2022-01-04 20:30:00+01:00,0.0,6007.0,16597.0
2022-01-04 20:45:00+01:00,0.0,6037.0,16955.0
2022-01-04 21:00:00+01:00,0.0,6041.0,17302.0
2022-01-04 21:15:00+01:00,0.0,6091.0,17646.0
2022-01-04 21:30:00+01:00,0.0,6097.0,17984.0
2022-01-04 21:45:00+01:00,0.0,6139.0,18313.0
2022-01-04 22:00:00+01:00,0.0,6193.0,18395.0
2022-01-04 22:15:00+01:00,0.0,6210.0,18673.0
2022-01-04 22:30:00+01:00,0.0,6223.0,18955.0
2022-01-04 22:45:00+01:00,0.0,6224.0,19241.0
2022-01-04 23:00:00+01:00,0.0,6215.0,19528.0
2022-01-04 23:15:00+01:00,0.0,6238.0,19861.0
2022-01-04 23:30:00+01:00,0.0,6253.0,20193.0
2022-01-04 23:45:00+01:00,0.0,6257.0,20524.0
2022-01-05 00:00:00+01:00,0.0,6707.0,17207.0
2022-01-05 00:15:00+01:00,0.0,6720.0,17650.0
2022-01-05 00:30:00+01:00,0.0,6731.0,18084.0
2022-01-05 00:45:00+01:00,0.0,6737.0,18524.0
2022-01-05 01:00:00+01:00,0.0,6441.0,18962.0
2022-01-05 01:15:00+01:00,0.0,6444.0,19403.0
2022-01-05 01:30:00+01:00,0.0,6438.0,19865.0
2022-01-05 01:45:00+01:00,0.0,6386.0,20360.0
2022-01-05 02:00:00+01:00,0.0,6387.0,20830.0
2022-01-05 02:15:00+01:00,0.0,6378.0,21273.0
2022-01-05 02:30:00+01:00,0.0,6380.0,21690.0
2022-01-05 02:45:00+01:00,0.0,6387.0,22120.0
2022-01-05 03:00:00+01:00,0.0,6386.0,22565.0
2022-01-05 03:15:00+01:00,0.0,6343.0,23033.0
2022-01-05 03:30:00+01:00,0.0,6338.0,23561.0
2022-01-05 03:45:00+01:00,0.0,6332.0,24081.0
2022-01-05 04:00:00+01:00,0.0,6315.0,24586.0
2022-01-05 04:15:00+01:00,0.0,6329.0,24993.0
2022-01-05 04:30:00+01:00,0.0,6339.0,25404.0
2022-01-05 04:45:00+01:00,0.0,6343.0,25825.0
2022-01-05 05:00:00+01:00,0.0,6348.0,26234.0
2022-01-05 05:15:00+01:00,0.0,6343.0,26737.0
2022-01-05 05:30:00+01:00,0.0,6338.0,27212.0
2022-01-05 05:45:00+01:00,0.0,6331.0,27699.0
2022-01-05 06:00:00+01:00,0.0,6261.0,28703.0
2022-01-05 06:15:00+01:00,0.0,6249.0,29185.0
2022-01-05 06:30:00+01:00,0.0,6239.0,29641.0
2022-01-05 06:45:00+01:00,0.0,6224.0,30083.0
2022-01-05 07:00:00+01:00,0.0,6213.0,30489.0
2022-01-05 07:15:00+01:00,0.0,6228.0,30885.0
2022-01-05 07:30:00+01:00,0.0,6242.0,31271.0
2022-01-05 07:45:00+01:00,0.0,6254.0,31655.0
2022-01-05 08:00:00+01:00,13.0,6268.0,31998.0
2022-01-05 08:15:00+01:00,67.0,6289.0,32271.0
2022-01-05 08:30:00+01:00,350.0,6306.0,32528.0
2022-01-05 08:45:00+01:00,684.0,6324.0,32755.0
2022-01-05 09:00:00+01:00,1104.0,6399.0,32971.0
2022-01-05 09:15:00+01:00,1566.0,6400.0,33144.0
2022-01-05 09:30:00+01:00,2071.0,6400.0,33296.0
2022-01-05 09:45:00+01:00,2613.0,6401.0,33451.0
2022-01-05 10:00:00+01:00,3151.0,6401.0,33607.0
2022-01-05 10:15:00+01:00,3682.0,6407.0,33647.0
2022-01-05 10:30:00+01:00,4201.0,6513.0,33701.0
2022-01-05 10:45:00+01:00,4684.0,6521.0,33749.0
2022-01-05 11:00:00+01:00,5101.0,6534.0,33820.0
2022-01-05 11:15:00+01:00,5481.0,6535.0,33927.0
2022-01-05 11:30:00+01:00,5750.0,6538.0,34011.0
2022-01-05 11:45:00+01:00,5875.0,6543.0,34055.0
2022-01-05 12:00:00+01:00,5950.0,6541.0,34095.0
2022-01-05 12:15:00+01:00,5979.0,6548.0,34123.0
2022-01-05 12:30:00+01:00,5896.0,6557.0,34156.0
2022-01-05 12:45:00+01:00,5696.0,6562.0,34170.0
2022-01-05 13:00:00+01:00,5474.0,6568.0,34197.0
2022-01-05 13:15:00+01:00,5244.0,6571.0,34145.0
2022-01-05 13:30:00+01:00,4897.0,6568.0,34078.0
2022-01-05 13:45:00+01:00,4520.0,6566.0,34006.0
2022-01-05 14:00:00+01:00,4130.0,6562.0,33888.0
2022-01-05 14:15:00+01:00,3722.0,6563.0,33762.0
2022-01-05 14:30:00+01:00,3227.0,6566.0,33617.0
2022-01-05 14:45:00+01:00,2711.0,6569.0,33466.0
2022-01-05 15:00:00+01:00,2170.0,6575.0,33312.0
2022-01-05 15:15:00+01:00,1637.0,6576.0,33131.0
2022-01-05 15:30:00+01:00,1139.0,6573.0,32948.0
2022-01-05 15:45:00+01:00,710.0,6569.0,32759.0
2022-01-05 16:00:00+01:00,395.0,6565.0,32590.0
2022-01-05 16:15:00+01:00,170.0,6564.0,32375.0
2022-01-05 16:30:00+01:00,22.0,6556.0,32161.0
2022-01-05 16:45:00+01:00,7.0,6550.0,31929.0
2022-01-05 17:00:00+01:00,0.0,6539.0,31688.0
2022-01-05 17:15:00+01:00,0.0,6521.0,31459.0
2022-01-05 17:30:00+01:00,0.0,6503.0,31231.0
2022-01-05 17:45:00+01:00,0.0,6484.0,31003.0
2022-01-05 18:00:00+01:00,0.0,6465.0,30764.0
2022-01-05 18:15:00+01:00,0.0,6447.0,30445.0
2022-01-05 18:30:00+01:00,0.0,6428.0,30116.0
2022-01-05 18:45:00+01:00,0.0,6413.0,29786.0
2022-01-05 19:00:00+01:00,0.0,6378.0,29459.0
2022-01-05 19:15:00+01:00,0.0,6330.0,29111.0
2022-01-05 19:30:00+01:00,0.0,6278.0,28758.0
2022-01-05 19:45:00+01:00,0.0,6220.0,28403.0
2022-01-05 20:00:00+01:00,0.0,6167.0,28039.0
2022-01-05 20:15:00+01:00,0.0,6120.0,27701.0
2022-01-05 20:30:00+01:00,0.0,6069.0,27358.0
2022-01-05 20:45:00+01:00,0.0,6006.0,27002.0
2022-01-05 21:00:00+01:00,0.0,6075.0,26648.0
2022-01-05 21:15:00+01:00,0.0,5988.0,26325.0
2022-01-05 21:30:00+01:00,0.0,5903.0,26000.0
2022-01-05 21:45:00+01:00,0.0,5817.0,25685.0
2022-01-05 22:00:00+01:00,0.0,5762.0,25018.0
2022-01-05 22:15:00+01:00,0.0,5739.0,24644.0
2022-01-05 22:30:00+01:00,0.0,5715.0,24263.0
2022-01-05 22:45:00+01:00,0.0,5691.0,23895.0
2022-01-05 23:00:00+01:00,0.0,5674.0,23540.0
2022-01-05 23:15:00+01:00,0.0,5667.0,23240.0
2022-01-05 23:30:00+01:00,0.0,5663.0,22936.0
2022-01-05 23:45:00+01:00,0.0,5652.0,22625.0
2022-01-06 00:00:00+01:00,0.0,4936.0,22847.0
2022-01-06 00:15:00+01:00,0.0,5032.0,22533.0
2022-01-06 00:30:00+01:00,0.0,5402.0,22228.0
2022-01-06 00:45:00+01:00,0.0,5497.0,21932.0
2022-01-06 01:00:00+01:00,0.0,5398.0,21615.0
2022-01-06 01:15:00+01:00,0.0,5436.0,21221.0
2022-01-06 01:30:00+01:00,0.0,5468.0,20824.0
2022-01-06 01:45:00+01:00,0.0,5497.0,20430.0
2022-01-06 02:00:00+01:00,0.0,5536.0,20012.0
2022-01-06 02:15:00+01:00,0.0,5593.0,19575.0
2022-01-06 02:30:00+01:00,0.0,5641.0,19104.0
2022-01-06 02:45:00+01:00,0.0,5684.0,18611.0
2022-01-06 03:00:00+01:00,0.0,5711.0,18128.0
2022-01-06 03:15:00+01:00,0.0,5730.0,17701.0
2022-01-06 03:30:00+01:00,0.0,5743.0,17257.0
2022-01-06 03:45:00+01:00,0.0,5755.0,16833.0
2022-01-06 04:00:00+01:00,0.0,5727.0,16420.0
2022-01-06 04:15:00+01:00,0.0,5626.0,15974.0
2022-01-06 04:30:00+01:00,0.0,5523.0,15526.0
2022-01-06 04:45:00+01:00,0.0,5404.0,15078.0
2022-01-06 05:00:00+01:00,0.0,5269.0,14664.0
2022-01-06 05:15:00+01:00,0.0,5084.0,14338.0
2022-01-06 05:30:00+01:00,0.0,4892.0,14013.0
2022-01-06 05:45:00+01:00,0.0,4694.0,13694.0
2022-01-06 06:00:00+01:00,0.0,4486.0,13475.0
2022-01-06 06:15:00+01:00,0.0,4273.0,13224.0
2022-01-06 06:30:00+01:00,0.0,4059.0,12965.0
2022-01-06 06:45:00+01:00,0.0,3845.0,12708.0
2022-01-06 07:00:00+01:00,0.0,3642.0,12448.0
2022-01-06 07:15:00+01:00,0.0,3423.0,12221.0
2022-01-06 07:30:00+01:00,0.0,3209.0,11980.0
2022-01-06 07:45:00+01:00,0.0,2989.0,11727.0
2022-01-06 08:00:00+01:00,10.0,2775.0,11475.0
2022-01-06 08:15:00+01:00,64.0,2580.0,11214.0
2022-01-06 08:30:00+01:00,456.0,2389.0,10956.0
2022-01-06 08:45:00+01:00,924.0,2193.0,10702.0
2022-01-06 09:00:00+01:00,1739.0,2013.0,10437.0
2022-01-06 09:15:00+01:00,2697.0,1873.0,10101.0
2022-01-06 09:30:00+01:00,3667.0,1731.0,9769.0
2022-01-06 09:45:00+01:00,4669.0,1587.0,9416.0
2022-01-06 10:00:00+01:00,5619.0,1452.0,9089.0
2022-01-06 10:15:00+01:00,6570.0,1351.0,8656.0
2022-01-06 10:30:00+01:00,7508.0,1247.0,8227.0
2022-01-06 10:45:00+01:00,8443.0,1145.0,7817.0
2022-01-06 11:00:00+01:00,9285.0,1055.0,7392.0
2022-01-06 11:15:00+01:00,10029.0,996.0,7026.0
2022-01-06 11:30:00+01:00,10639.0,937.0,6665.0
2022-01-06 11:45:00+01:00,11155.0,882.0,6310.0
2022-01-06 12:00:00+01:00,11533.0,840.0,5955.0
2022-01-06 12:15:00+01:00,11722.0,824.0,5685.0
2022-01-06 12:30:00+01:00,11740.0,809.0,5419.0
2022-01-06 12:45:00+01:00,11641.0,800.0,5159.0
2022-01-06 13:00:00+01:00,11365.0,805.0,4921.0
2022-01-06 13:15:00+01:00,10913.0,850.0,4729.0
2022-01-06 13:30:00+01:00,10309.0,888.0,4537.0
2022-01-06 13:45:00+01:00,9657.0,940.0,4338.0
2022-01-06 14:00:00+01:00,8869.0,987.0,4151.0
2022-01-06 14:15:00+01:00,7895.0,1058.0,4064.0
2022-01-06 14:30:00+01:00,6863.0,1133.0,3975.0
2022-01-06 14:45:00+01:00,5817.0,1211.0,3902.0
2022-01-06 15:00:00+01:00,4729.0,1286.0,3837.0
2022-01-06 15:15:00+01:00,3649.0,1358.0,3931.0
2022-01-06 15:30:00+01:00,2547.0,1427.0,4030.0
2022-01-06 15:45:00+01:00,1520.0,1494.0,4149.0
2022-01-06 16:00:00+01:00,754.0,1574.0,4282.0
2022-01-06 16:15:00+01:00,286.0,1689.0,4537.0
2022-01-06 16:30:00+01:00,39.0,1805.0,4791.0
2022-01-06 16:45:00+01:00,11.0,1916.0,5058.0
2022-01-06 17:00:00+01:00,0.0,2070.0,5337.0
2022-01-06 17:15:00+01:00,0.0,2338.0,5631.0
2022-01-06 17:30:00+01:00,0.0,2600.0,5923.0
2022-01-06 17:45:00+01:00,0.0,2864.0,6248.0
2022-01-06 18:00:00+01:00,0.0,3122.0,6550.0
2022-01-06 18:15:00+01:00,0.0,3395.0,6911.0
2022-01-06 18:30:00+01:00,0.0,3670.0,7277.0
2022-01-06 18:45:00+01:00,0.0,3939.0,7644.0
2022-01-06 19:00:00+01:00,0.0,4213.0,8013.0
2022-01-06 19:15:00+01:00,0.0,4467.0,8379.0
2022-01-06 19:30:00+01:00,0.0,4714.0,8756.0
2022-01-06 19:45:00+01:00,0.0,4947.0,9126.0
2022-01-06 20:00:00+01:00,0.0,5162.0,9479.0
2022-01-06 20:15:00+01:00,0.0,5338.0,9774.0
2022-01-06 20:30:00+01:00,0.0,5503.0,10073.0
2022-01-06 20:45:00+01:00,0.0,5603.0,10376.0
2022-01-06 21:00:00+01:00,0.0,5728.0,10685.0
2022-01-06 21:15:00+01:00,0.0,5802.0,11047.0
2022-01-06 21:30:00+01:00,0.0,5866.0,11413.0
2022-01-06 21:45:00+01:00,0.0,5931.0,11774.0
2022-01-06 22:00:00+01:00,0.0,5995.0,12023.0
2022-01-06 22:15:00+01:00,0.0,6032.0,12367.0
2022-01-06 22:30:00+01:00,0.0,6072.0,12724.0
2022-01-06 22:45:00+01:00,0.0,6109.0,13087.0
2022-01-06 23:00:00+01:00,0.0,6141.0,13448.0
2022-01-06 23:15:00+01:00,0.0,6162.0,13825.0
2022-01-06 23:30:00+01:00,0.0,6176.0,14209.0
2022-01-06 23:45:00+01:00,0.0,6193.0,14594.0
